Project Name,Package Name,Type Name,Method Name,LOC,CC,PC,Line no,IsTest,Main prod class tested,Production classes tested
wdm,io.github.bonigarcia.wdm.cache,CacheHandler,CacheHandler,3,1,1,53,0,,
wdm,io.github.bonigarcia.wdm.cache,CacheHandler,filterCacheBy,9,2,3,57,0,,
wdm,io.github.bonigarcia.wdm.cache,CacheHandler,getFilesInCache,5,1,0,73,0,,
wdm,io.github.bonigarcia.wdm.cache,CacheHandler,getDriverFromCache,24,5,5,80,0,io.github.bonigarcia.wdm.cache.CacheHandler,io.github.bonigarcia.wdm.cache.CacheHandler
wdm,io.github.bonigarcia.wdm.cache,ResolutionCache,keys,3,1,0,56,0,,
wdm,io.github.bonigarcia.wdm.cache,ResolutionCache,ResolutionCache,21,4,1,66,0,,
wdm,io.github.bonigarcia.wdm.cache,ResolutionCache,getValueFromResolutionCache,3,1,1,93,0,,
wdm,io.github.bonigarcia.wdm.cache,ResolutionCache,getExpirationDateFromResolutionCache,11,1,1,97,0,io.github.bonigarcia.wdm.cache.ResolutionCache,io.github.bonigarcia.wdm.cache.ResolutionCache
wdm,io.github.bonigarcia.wdm.cache,ResolutionCache,putValueInResolutionCacheIfEmpty,13,3,3,109,0,io.github.bonigarcia.wdm.cache.ResolutionCache,io.github.bonigarcia.wdm.cache.ResolutionCache
wdm,io.github.bonigarcia.wdm.cache,ResolutionCache,storeProperties,8,1,0,126,0,,
wdm,io.github.bonigarcia.wdm.cache,ResolutionCache,clearFromResolutionCache,5,1,1,136,0,io.github.bonigarcia.wdm.cache.ResolutionCache,io.github.bonigarcia.wdm.cache.ResolutionCache
wdm,io.github.bonigarcia.wdm.cache,ResolutionCache,clear,5,1,0,142,0,io.github.bonigarcia.wdm.cache.ResolutionCache,io.github.bonigarcia.wdm.cache.ResolutionCache
wdm,io.github.bonigarcia.wdm.cache,ResolutionCache,checkValidity,10,2,3,148,0,io.github.bonigarcia.wdm.cache.ResolutionCache,io.github.bonigarcia.wdm.cache.ResolutionCache
wdm,io.github.bonigarcia.wdm.cache,ResolutionCache,formatDate,3,1,1,163,0,,
wdm,io.github.bonigarcia.wdm.cache,ResolutionCache,getExpirationKey,3,1,1,167,0,,
wdm,io.github.bonigarcia.wdm.cache,ResolutionCache,checkKeyInResolutionCache,3,1,1,171,0,io.github.bonigarcia.wdm.cache.ResolutionCache,io.github.bonigarcia.wdm.cache.ResolutionCache
wdm,io.github.bonigarcia.wdm.cache,ResolutionCache,checkKeyInResolutionCache,15,4,2,175,0,io.github.bonigarcia.wdm.cache.ResolutionCache,io.github.bonigarcia.wdm.cache.ResolutionCache
wdm,io.github.bonigarcia.wdm.config,Config,resolve,6,1,1,281,0,io.github.bonigarcia.wdm.config.Config,io.github.bonigarcia.wdm.config.Config
wdm,io.github.bonigarcia.wdm.config,Config,resolver,14,4,3,289,0,io.github.bonigarcia.wdm.config.Config,io.github.bonigarcia.wdm.config.Config
wdm,io.github.bonigarcia.wdm.config,Config,parse,27,6,2,304,0,,
wdm,io.github.bonigarcia.wdm.config,Config,getProperty,17,3,1,328,0,io.github.bonigarcia.wdm.config.Config,io.github.bonigarcia.wdm.config.Config
wdm,io.github.bonigarcia.wdm.config,Config,getPropertyFrom,10,1,2,345,0,,
wdm,io.github.bonigarcia.wdm.config,Config,reset,12,3,0,356,0,,
wdm,io.github.bonigarcia.wdm.config,Config,defaultOsName,13,4,0,368,0,,
wdm,io.github.bonigarcia.wdm.config,Config,defaultArchitecture,6,2,0,380,0,,
wdm,io.github.bonigarcia.wdm.config,Config,isNullOrEmpty,3,1,1,387,0,,
wdm,io.github.bonigarcia.wdm.config,Config,isExecutable,3,1,1,391,0,,
wdm,io.github.bonigarcia.wdm.config,Config,getProperties,3,1,0,399,0,,
wdm,io.github.bonigarcia.wdm.config,Config,setProperties,4,1,1,403,0,,
wdm,io.github.bonigarcia.wdm.config,Config,getFileFromPath,7,2,1,408,0,,
wdm,io.github.bonigarcia.wdm.config,Config,getCacheFolder,3,1,0,416,0,io.github.bonigarcia.wdm.config.Config,io.github.bonigarcia.wdm.config.Config
wdm,io.github.bonigarcia.wdm.config,Config,getCachePath,3,1,0,420,0,io.github.bonigarcia.wdm.config.Config,io.github.bonigarcia.wdm.config.Config
wdm,io.github.bonigarcia.wdm.config,Config,resolvePath,11,4,1,424,0,,
wdm,io.github.bonigarcia.wdm.config,Config,setCachePath,4,1,1,439,0,,
wdm,io.github.bonigarcia.wdm.config,Config,getResolutionCachePath,7,2,0,444,0,io.github.bonigarcia.wdm.config.Config,io.github.bonigarcia.wdm.config.Config
wdm,io.github.bonigarcia.wdm.config,Config,setResolutionCachePath,4,1,1,452,0,,
wdm,io.github.bonigarcia.wdm.config,Config,isForceDownload,3,1,0,457,0,,
wdm,io.github.bonigarcia.wdm.config,Config,setForceDownload,4,1,1,461,0,,
wdm,io.github.bonigarcia.wdm.config,Config,isUseMirror,3,1,0,466,0,,
wdm,io.github.bonigarcia.wdm.config,Config,setUseMirror,4,1,1,470,0,,
wdm,io.github.bonigarcia.wdm.config,Config,isUseBetaVersions,3,1,0,475,0,,
wdm,io.github.bonigarcia.wdm.config,Config,setUseBetaVersions,4,1,1,479,0,,
wdm,io.github.bonigarcia.wdm.config,Config,isAvoidExport,3,1,0,484,0,,
wdm,io.github.bonigarcia.wdm.config,Config,setAvoidExport,4,1,1,488,0,,
wdm,io.github.bonigarcia.wdm.config,Config,isAvoidOutputTree,3,1,0,493,0,,
wdm,io.github.bonigarcia.wdm.config,Config,setAvoidOutputTree,4,1,1,497,0,,
wdm,io.github.bonigarcia.wdm.config,Config,isAvoidBrowserDetection,3,1,0,502,0,,
wdm,io.github.bonigarcia.wdm.config,Config,setAvoidBrowserDetection,4,1,1,506,0,,
wdm,io.github.bonigarcia.wdm.config,Config,isAvoidFallback,3,1,0,511,0,,
wdm,io.github.bonigarcia.wdm.config,Config,setAvoidFallback,4,1,1,515,0,,
wdm,io.github.bonigarcia.wdm.config,Config,isAvoidResolutionCache,3,1,0,520,0,,
wdm,io.github.bonigarcia.wdm.config,Config,setAvoidResolutionCache,4,1,1,524,0,,
wdm,io.github.bonigarcia.wdm.config,Config,isAvoidTmpFolder,3,1,0,529,0,,
wdm,io.github.bonigarcia.wdm.config,Config,setAvoidTmpFolder,4,1,1,533,0,,
wdm,io.github.bonigarcia.wdm.config,Config,isAvoidShutdownHook,3,1,0,538,0,,
wdm,io.github.bonigarcia.wdm.config,Config,setAvoidShutdownHook,4,1,1,542,0,,
wdm,io.github.bonigarcia.wdm.config,Config,isAvoidExternalConnections,3,1,0,547,0,,
wdm,io.github.bonigarcia.wdm.config,Config,setAvoidExternalConnections,4,1,1,551,0,,
wdm,io.github.bonigarcia.wdm.config,Config,getTimeout,3,1,0,556,0,,
wdm,io.github.bonigarcia.wdm.config,Config,setTimeout,4,1,1,560,0,,
wdm,io.github.bonigarcia.wdm.config,Config,isCommandsPropertiesOnlineFirst,3,1,0,565,0,,
wdm,io.github.bonigarcia.wdm.config,Config,setCommandsPropertiesOnlineFirst,4,1,1,569,0,,
wdm,io.github.bonigarcia.wdm.config,Config,getCommandsPropertiesUrl,3,1,0,574,0,,
wdm,io.github.bonigarcia.wdm.config,Config,setCommandsPropertiesUrl,4,1,1,578,0,,
wdm,io.github.bonigarcia.wdm.config,Config,isClearResolutionCache,3,1,0,583,0,,
wdm,io.github.bonigarcia.wdm.config,Config,setClearResolutionCache,4,1,1,587,0,,
wdm,io.github.bonigarcia.wdm.config,Config,isClearDriverCache,3,1,0,592,0,,
wdm,io.github.bonigarcia.wdm.config,Config,setClearDriverCache,4,1,1,596,0,,
wdm,io.github.bonigarcia.wdm.config,Config,getArchitecture,10,3,0,601,0,,
wdm,io.github.bonigarcia.wdm.config,Config,setArchitecture,4,1,1,612,0,,
wdm,io.github.bonigarcia.wdm.config,Config,getOs,3,1,0,617,0,,
wdm,io.github.bonigarcia.wdm.config,Config,getOperatingSystem,3,1,0,621,0,io.github.bonigarcia.wdm.config.Config,io.github.bonigarcia.wdm.config.Config
wdm,io.github.bonigarcia.wdm.config,Config,setOs,4,1,1,625,0,,
wdm,io.github.bonigarcia.wdm.config,Config,getProxy,3,1,0,630,0,,
wdm,io.github.bonigarcia.wdm.config,Config,setProxy,4,1,1,634,0,,
wdm,io.github.bonigarcia.wdm.config,Config,getProxyUser,3,1,0,639,0,,
wdm,io.github.bonigarcia.wdm.config,Config,setProxyUser,4,1,1,643,0,,
wdm,io.github.bonigarcia.wdm.config,Config,getProxyPass,3,1,0,648,0,,
wdm,io.github.bonigarcia.wdm.config,Config,setProxyPass,4,1,1,652,0,,
wdm,io.github.bonigarcia.wdm.config,Config,getIgnoreVersions,8,2,0,657,0,io.github.bonigarcia.wdm.config.Config,io.github.bonigarcia.wdm.config.Config
wdm,io.github.bonigarcia.wdm.config,Config,setIgnoreVersions,4,1,1,666,0,,
wdm,io.github.bonigarcia.wdm.config,Config,getGitHubToken,3,1,0,671,0,,
wdm,io.github.bonigarcia.wdm.config,Config,setGitHubToken,4,1,1,675,0,,
wdm,io.github.bonigarcia.wdm.config,Config,getDefaultBrowser,3,1,0,680,0,,
wdm,io.github.bonigarcia.wdm.config,Config,setDefaultBrowser,4,1,1,684,0,,
wdm,io.github.bonigarcia.wdm.config,Config,getTtl,3,1,0,689,0,,
wdm,io.github.bonigarcia.wdm.config,Config,setTtl,4,1,1,693,0,,
wdm,io.github.bonigarcia.wdm.config,Config,getTtlForBrowsers,3,1,0,698,0,,
wdm,io.github.bonigarcia.wdm.config,Config,setTtlForBrowsers,4,1,1,702,0,,
wdm,io.github.bonigarcia.wdm.config,Config,getResolutionCache,3,1,0,707,0,,
wdm,io.github.bonigarcia.wdm.config,Config,setResolutionCache,4,1,1,711,0,,
wdm,io.github.bonigarcia.wdm.config,Config,getBrowserVersionDetectionRegex,3,1,0,716,0,,
wdm,io.github.bonigarcia.wdm.config,Config,setBrowserVersionDetectionRegex,4,1,1,720,0,,
wdm,io.github.bonigarcia.wdm.config,Config,getChromeDriverVersion,3,1,0,725,0,,
wdm,io.github.bonigarcia.wdm.config,Config,setChromeDriverVersion,4,1,1,729,0,,
wdm,io.github.bonigarcia.wdm.config,Config,getChromeVersion,3,1,0,734,0,,
wdm,io.github.bonigarcia.wdm.config,Config,setChromeVersion,4,1,1,738,0,,
wdm,io.github.bonigarcia.wdm.config,Config,getChromeDriverExport,3,1,0,743,0,,
wdm,io.github.bonigarcia.wdm.config,Config,setChromeDriverExport,4,1,1,747,0,,
wdm,io.github.bonigarcia.wdm.config,Config,getChromeDriverUrl,3,1,0,752,0,,
wdm,io.github.bonigarcia.wdm.config,Config,setChromeDriverUrl,4,1,1,756,0,,
wdm,io.github.bonigarcia.wdm.config,Config,getChromeDriverMirrorUrl,3,1,0,761,0,,
wdm,io.github.bonigarcia.wdm.config,Config,setChromeDriverMirrorUrl,4,1,1,765,0,,
wdm,io.github.bonigarcia.wdm.config,Config,getChromeDriverCfTMirrorUrl,3,1,0,770,0,,
wdm,io.github.bonigarcia.wdm.config,Config,setChromeDriverCfTMirrorUrl,4,1,1,774,0,,
wdm,io.github.bonigarcia.wdm.config,Config,getChromeDownloadUrlPattern,3,1,0,779,0,,
wdm,io.github.bonigarcia.wdm.config,Config,setChromeDownloadUrlPattern,4,1,1,783,0,,
wdm,io.github.bonigarcia.wdm.config,Config,getChromeGoodVersionsUrl,3,1,0,788,0,,
wdm,io.github.bonigarcia.wdm.config,Config,setChromeGoodVersionsUrl,4,1,1,792,0,,
wdm,io.github.bonigarcia.wdm.config,Config,getChromeLastGoodVersionsUrl,3,1,0,797,0,,
wdm,io.github.bonigarcia.wdm.config,Config,setChromeLastGoodVersionsUrl,4,1,1,801,0,,
wdm,io.github.bonigarcia.wdm.config,Config,getEdgeDriverVersion,3,1,0,806,0,,
wdm,io.github.bonigarcia.wdm.config,Config,setEdgeDriverVersion,4,1,1,810,0,,
wdm,io.github.bonigarcia.wdm.config,Config,getEdgeVersion,3,1,0,815,0,,
wdm,io.github.bonigarcia.wdm.config,Config,setEdgeVersion,4,1,1,819,0,,
wdm,io.github.bonigarcia.wdm.config,Config,getEdgeDriverExport,3,1,0,824,0,,
wdm,io.github.bonigarcia.wdm.config,Config,setEdgeDriverExport,4,1,1,828,0,,
wdm,io.github.bonigarcia.wdm.config,Config,getEdgeDriverUrl,3,1,0,833,0,,
wdm,io.github.bonigarcia.wdm.config,Config,setEdgeDriverUrl,4,1,1,837,0,,
wdm,io.github.bonigarcia.wdm.config,Config,getEdgeDownloadUrlPattern,3,1,0,842,0,,
wdm,io.github.bonigarcia.wdm.config,Config,setEdgeDownloadUrlPattern,4,1,1,846,0,,
wdm,io.github.bonigarcia.wdm.config,Config,getGeckoDriverVersion,3,1,0,851,0,,
wdm,io.github.bonigarcia.wdm.config,Config,setGeckoDriverVersion,4,1,1,855,0,,
wdm,io.github.bonigarcia.wdm.config,Config,getFirefoxVersion,3,1,0,860,0,,
wdm,io.github.bonigarcia.wdm.config,Config,setFirefoxVersion,4,1,1,864,0,,
wdm,io.github.bonigarcia.wdm.config,Config,getFirefoxDriverExport,3,1,0,869,0,,
wdm,io.github.bonigarcia.wdm.config,Config,setFirefoxDriverExport,4,1,1,873,0,,
wdm,io.github.bonigarcia.wdm.config,Config,getFirefoxDriverUrl,3,1,0,878,0,,
wdm,io.github.bonigarcia.wdm.config,Config,setFirefoxDriverUrl,4,1,1,882,0,,
wdm,io.github.bonigarcia.wdm.config,Config,getFirefoxDriverMirrorUrl,3,1,0,887,0,,
wdm,io.github.bonigarcia.wdm.config,Config,setFirefoxDriverMirrorUrl,4,1,1,891,0,,
wdm,io.github.bonigarcia.wdm.config,Config,getFirefoxDriverGoodVersionsUrl,3,1,0,896,0,,
wdm,io.github.bonigarcia.wdm.config,Config,setFirefoxDriverGoodVersionsUrl,4,1,1,900,0,,
wdm,io.github.bonigarcia.wdm.config,Config,getIExplorerDriverVersion,3,1,0,905,0,,
wdm,io.github.bonigarcia.wdm.config,Config,setIExplorerDriverVersion,4,1,1,909,0,,
wdm,io.github.bonigarcia.wdm.config,Config,getIExplorerDriverExport,3,1,0,914,0,,
wdm,io.github.bonigarcia.wdm.config,Config,setIExplorerDriverExport,4,1,1,918,0,,
wdm,io.github.bonigarcia.wdm.config,Config,getIExplorerDriverUrl,3,1,0,923,0,,
wdm,io.github.bonigarcia.wdm.config,Config,setIExplorerDriverUrl,4,1,1,927,0,,
wdm,io.github.bonigarcia.wdm.config,Config,getOperaDriverVersion,3,1,0,932,0,,
wdm,io.github.bonigarcia.wdm.config,Config,setOperaDriverVersion,4,1,1,936,0,,
wdm,io.github.bonigarcia.wdm.config,Config,getOperaVersion,3,1,0,941,0,,
wdm,io.github.bonigarcia.wdm.config,Config,setOperaVersion,4,1,1,945,0,,
wdm,io.github.bonigarcia.wdm.config,Config,getOperaDriverExport,3,1,0,950,0,,
wdm,io.github.bonigarcia.wdm.config,Config,setOperaDriverExport,4,1,1,954,0,,
wdm,io.github.bonigarcia.wdm.config,Config,getOperaDriverUrl,3,1,0,959,0,,
wdm,io.github.bonigarcia.wdm.config,Config,setOperaDriverUrl,4,1,1,963,0,,
wdm,io.github.bonigarcia.wdm.config,Config,getOperaDriverMirrorUrl,3,1,0,968,0,,
wdm,io.github.bonigarcia.wdm.config,Config,setOperaDriverMirrorUrl,4,1,1,972,0,,
wdm,io.github.bonigarcia.wdm.config,Config,getChromiumDriverVersion,3,1,0,977,0,,
wdm,io.github.bonigarcia.wdm.config,Config,setChromiumDriverVersion,4,1,1,981,0,,
wdm,io.github.bonigarcia.wdm.config,Config,getSafariVersion,3,1,0,986,0,,
wdm,io.github.bonigarcia.wdm.config,Config,setSafariVersion,4,1,1,990,0,,
wdm,io.github.bonigarcia.wdm.config,Config,getChromiumVersion,3,1,0,995,0,,
wdm,io.github.bonigarcia.wdm.config,Config,setChromiumVersion,4,1,1,999,0,,
wdm,io.github.bonigarcia.wdm.config,Config,getChromiumDriverSnapPath,3,1,0,1004,0,,
wdm,io.github.bonigarcia.wdm.config,Config,setChromiumDriverSnapPath,4,1,1,1008,0,,
wdm,io.github.bonigarcia.wdm.config,Config,isUseChromiumDriverSnap,3,1,0,1013,0,,
wdm,io.github.bonigarcia.wdm.config,Config,setUseChromiumDriverSnap,4,1,1,1017,0,,
wdm,io.github.bonigarcia.wdm.config,Config,getBrowserVersionDetectionCommand,3,1,0,1022,0,,
wdm,io.github.bonigarcia.wdm.config,Config,setBrowserVersionDetectionCommand,4,1,1,1026,0,,
wdm,io.github.bonigarcia.wdm.config,Config,getServerPort,3,1,0,1031,0,,
wdm,io.github.bonigarcia.wdm.config,Config,setServerPath,4,1,1,1035,0,,
wdm,io.github.bonigarcia.wdm.config,Config,getServerPath,3,1,0,1040,0,,
wdm,io.github.bonigarcia.wdm.config,Config,setServerPort,4,1,1,1044,0,,
wdm,io.github.bonigarcia.wdm.config,Config,getServerTimeoutSec,3,1,0,1049,0,,
wdm,io.github.bonigarcia.wdm.config,Config,setServerTimeoutSec,4,1,1,1053,0,,
wdm,io.github.bonigarcia.wdm.config,Config,getDockerDaemonUrl,3,1,0,1058,0,,
wdm,io.github.bonigarcia.wdm.config,Config,setDockerDaemonUrl,4,1,1,1062,0,,
wdm,io.github.bonigarcia.wdm.config,Config,getDockerHubUrl,3,1,0,1067,0,,
wdm,io.github.bonigarcia.wdm.config,Config,setDockerHubUrl,4,1,1,1071,0,,
wdm,io.github.bonigarcia.wdm.config,Config,getDockerNetwork,3,1,0,1076,0,,
wdm,io.github.bonigarcia.wdm.config,Config,setDockerNetwork,4,1,1,1080,0,,
wdm,io.github.bonigarcia.wdm.config,Config,getDockerTimezone,3,1,0,1085,0,,
wdm,io.github.bonigarcia.wdm.config,Config,setDockerTimezone,4,1,1,1089,0,,
wdm,io.github.bonigarcia.wdm.config,Config,getDockerLang,3,1,0,1094,0,,
wdm,io.github.bonigarcia.wdm.config,Config,setDockerLang,4,1,1,1098,0,,
wdm,io.github.bonigarcia.wdm.config,Config,getDockerMemSizeBytes,21,4,1,1103,0,,
wdm,io.github.bonigarcia.wdm.config,Config,getDockerShmSize,3,1,0,1123,0,,
wdm,io.github.bonigarcia.wdm.config,Config,setDockerShmSize,4,1,1,1127,0,,
wdm,io.github.bonigarcia.wdm.config,Config,getDockerTmpfsSize,3,1,0,1132,0,,
wdm,io.github.bonigarcia.wdm.config,Config,setDockerTmpfsSize,4,1,1,1136,0,,
wdm,io.github.bonigarcia.wdm.config,Config,getDockerTmpfsMount,3,1,0,1141,0,,
wdm,io.github.bonigarcia.wdm.config,Config,setDockerTmpfsMount,4,1,1,1145,0,,
wdm,io.github.bonigarcia.wdm.config,Config,getDockerStopTimeoutSec,3,1,0,1150,0,,
wdm,io.github.bonigarcia.wdm.config,Config,setDockerStopTimeoutSec,4,1,1,1154,0,,
wdm,io.github.bonigarcia.wdm.config,Config,isDockerEnabledVnc,3,1,0,1159,0,,
wdm,io.github.bonigarcia.wdm.config,Config,setDockerEnabledVnc,4,1,1,1163,0,,
wdm,io.github.bonigarcia.wdm.config,Config,isDockerViewOnly,3,1,0,1168,0,,
wdm,io.github.bonigarcia.wdm.config,Config,setDockerViewOnly,4,1,1,1172,0,,
wdm,io.github.bonigarcia.wdm.config,Config,isDockerEnabledRecording,3,1,0,1177,0,,
wdm,io.github.bonigarcia.wdm.config,Config,setDockerEnabledRecording,4,1,1,1181,0,,
wdm,io.github.bonigarcia.wdm.config,Config,getDockerScreenResolution,3,1,0,1186,0,,
wdm,io.github.bonigarcia.wdm.config,Config,getDockerVideoSize,9,2,0,1190,0,io.github.bonigarcia.wdm.config.Config,io.github.bonigarcia.wdm.config.Config
wdm,io.github.bonigarcia.wdm.config,Config,setDockerScreenResolution,4,1,1,1203,0,,
wdm,io.github.bonigarcia.wdm.config,Config,getDockerVncPassword,3,1,0,1208,0,,
wdm,io.github.bonigarcia.wdm.config,Config,setDockerVncPassword,4,1,1,1212,0,,
wdm,io.github.bonigarcia.wdm.config,Config,getDockerBrowserPort,3,1,0,1217,0,,
wdm,io.github.bonigarcia.wdm.config,Config,setDockerBrowserPort,4,1,1,1221,0,,
wdm,io.github.bonigarcia.wdm.config,Config,getDockerVncPort,3,1,0,1226,0,,
wdm,io.github.bonigarcia.wdm.config,Config,setDockerVncPort,4,1,1,1230,0,,
wdm,io.github.bonigarcia.wdm.config,Config,getDockerNoVncPort,3,1,0,1235,0,,
wdm,io.github.bonigarcia.wdm.config,Config,setDockerNoVncPort,4,1,1,1239,0,,
wdm,io.github.bonigarcia.wdm.config,Config,getDockerRecordingFrameRate,3,1,0,1244,0,,
wdm,io.github.bonigarcia.wdm.config,Config,setDockerRecordingFrameRate,4,1,1,1248,0,,
wdm,io.github.bonigarcia.wdm.config,Config,getDockerRecordingOutput,3,1,0,1253,0,,
wdm,io.github.bonigarcia.wdm.config,Config,setDockerRecordingOutput,4,1,1,1257,0,,
wdm,io.github.bonigarcia.wdm.config,Config,getDockerRecordingPrefix,3,1,0,1262,0,,
wdm,io.github.bonigarcia.wdm.config,Config,setDockerRecordingPrefix,4,1,1,1266,0,,
wdm,io.github.bonigarcia.wdm.config,Config,getDockerBrowserSelenoidImageFormat,3,1,0,1271,0,,
wdm,io.github.bonigarcia.wdm.config,Config,setDockerBrowserSelenoidImageFormat,4,1,1,1275,0,,
wdm,io.github.bonigarcia.wdm.config,Config,getDockerBrowserTwilioImageFormat,3,1,0,1280,0,,
wdm,io.github.bonigarcia.wdm.config,Config,setDockerBrowserTwilioImageFormat,4,1,1,1284,0,,
wdm,io.github.bonigarcia.wdm.config,Config,getDockerBrowserAerokubeImageFormat,3,1,0,1289,0,,
wdm,io.github.bonigarcia.wdm.config,Config,setDockerBrowserAerokubeImageFormat,4,1,1,1293,0,,
wdm,io.github.bonigarcia.wdm.config,Config,getDockerBrowserMobileImageFormat,3,1,0,1298,0,,
wdm,io.github.bonigarcia.wdm.config,Config,setDockerBrowserMobileImageFormat,4,1,1,1302,0,,
wdm,io.github.bonigarcia.wdm.config,Config,getDockerRecordingImage,3,1,0,1307,0,,
wdm,io.github.bonigarcia.wdm.config,Config,setDockerRecordingImage,4,1,1,1311,0,,
wdm,io.github.bonigarcia.wdm.config,Config,getDockerNoVncImage,3,1,0,1316,0,,
wdm,io.github.bonigarcia.wdm.config,Config,setDockerNoVncImage,4,1,1,1320,0,,
wdm,io.github.bonigarcia.wdm.config,Config,getDockerCustomImage,3,1,0,1325,0,,
wdm,io.github.bonigarcia.wdm.config,Config,setDockerCustomImage,4,1,1,1329,0,,
wdm,io.github.bonigarcia.wdm.config,Config,getBrowserWatcherVersion,3,1,0,1334,0,,
wdm,io.github.bonigarcia.wdm.config,Config,setBrowserWatcherVersion,4,1,1,1338,0,,
wdm,io.github.bonigarcia.wdm.config,Config,getDockerVolumes,12,3,0,1343,0,,
wdm,io.github.bonigarcia.wdm.config,Config,setDockerVolumes,4,1,1,1357,0,,
wdm,io.github.bonigarcia.wdm.config,Config,getDockerExtraHosts,8,2,0,1362,0,io.github.bonigarcia.wdm.config.Config,io.github.bonigarcia.wdm.config.Config
wdm,io.github.bonigarcia.wdm.config,Config,setDockerExtraHosts,4,1,1,1371,0,,
wdm,io.github.bonigarcia.wdm.config,Config,getDockerEnvVariables,8,2,0,1376,0,io.github.bonigarcia.wdm.config.Config,io.github.bonigarcia.wdm.config.Config
wdm,io.github.bonigarcia.wdm.config,Config,setDockerEnvVariables,4,1,1,1385,0,,
wdm,io.github.bonigarcia.wdm.config,Config,getDockerDefaultArgs,3,1,0,1390,0,,
wdm,io.github.bonigarcia.wdm.config,Config,setDockerDefaultArgs,4,1,1,1394,0,,
wdm,io.github.bonigarcia.wdm.config,Config,isDockerLocalFallback,3,1,0,1399,0,,
wdm,io.github.bonigarcia.wdm.config,Config,setDockerLocalFallback,4,1,1,1403,0,,
wdm,io.github.bonigarcia.wdm.config,Config,getDockerPrivateEndpoint,3,1,0,1408,0,,
wdm,io.github.bonigarcia.wdm.config,Config,setDockerPrivateEndpoint,4,1,1,1412,0,,
wdm,io.github.bonigarcia.wdm.config,Config,getDockerAvoidPulling,3,1,0,1417,0,,
wdm,io.github.bonigarcia.wdm.config,Config,setDockerAvoidPulling,4,1,1,1421,0,,
wdm,io.github.bonigarcia.wdm.config,Config,getRemoteAddress,3,1,0,1426,0,,
wdm,io.github.bonigarcia.wdm.config,Config,setRemoteAddress,4,1,1,1430,0,,
wdm,io.github.bonigarcia.wdm.config,Config,setEnableTracing,4,1,1,1435,0,,
wdm,io.github.bonigarcia.wdm.config,Config,getEnableTracing,3,1,0,1440,0,,
wdm,io.github.bonigarcia.wdm.config,ConfigKey,ConfigKey,3,1,1,32,0,,
wdm,io.github.bonigarcia.wdm.config,ConfigKey,ConfigKey,4,1,2,36,0,,
wdm,io.github.bonigarcia.wdm.config,ConfigKey,ConfigKey,6,1,3,41,0,,
wdm,io.github.bonigarcia.wdm.config,ConfigKey,getName,3,1,0,48,0,,
wdm,io.github.bonigarcia.wdm.config,ConfigKey,getType,3,1,0,52,0,,
wdm,io.github.bonigarcia.wdm.config,ConfigKey,getValue,3,1,0,56,0,,
wdm,io.github.bonigarcia.wdm.config,ConfigKey,reset,3,1,0,60,0,,
wdm,io.github.bonigarcia.wdm.config,ConfigKey,setValue,3,1,1,64,0,,
wdm,io.github.bonigarcia.wdm.config,WebDriverManagerException,WebDriverManagerException,3,1,1,29,0,,
wdm,io.github.bonigarcia.wdm.config,WebDriverManagerException,WebDriverManagerException,3,1,1,33,0,,
wdm,io.github.bonigarcia.wdm.config,WebDriverManagerException,WebDriverManagerException,3,1,2,37,0,,
wdm,io.github.bonigarcia.wdm.docker,DockerContainer,DockerContainer,14,1,1,62,0,,
wdm,io.github.bonigarcia.wdm.docker,DockerContainer,dockerBuilder,3,1,1,79,0,,
wdm,io.github.bonigarcia.wdm.docker,DockerContainer,getImageId,3,1,0,83,0,,
wdm,io.github.bonigarcia.wdm.docker,DockerContainer,getBinds,3,1,0,87,0,,
wdm,io.github.bonigarcia.wdm.docker,DockerContainer,getEnvs,3,1,0,91,0,,
wdm,io.github.bonigarcia.wdm.docker,DockerContainer,getExposedPorts,3,1,0,95,0,,
wdm,io.github.bonigarcia.wdm.docker,DockerContainer,getExtraHosts,3,1,0,99,0,,
wdm,io.github.bonigarcia.wdm.docker,DockerContainer,getNetwork,3,1,0,103,0,,
wdm,io.github.bonigarcia.wdm.docker,DockerContainer,getCmd,3,1,0,107,0,,
wdm,io.github.bonigarcia.wdm.docker,DockerContainer,getEntryPoint,3,1,0,111,0,,
wdm,io.github.bonigarcia.wdm.docker,DockerContainer,getMounts,3,1,0,115,0,,
wdm,io.github.bonigarcia.wdm.docker,DockerContainer,getContainerId,3,1,0,119,0,,
wdm,io.github.bonigarcia.wdm.docker,DockerContainer,setContainerId,3,1,1,123,0,,
wdm,io.github.bonigarcia.wdm.docker,DockerContainer,getContainerUrl,3,1,0,127,0,,
wdm,io.github.bonigarcia.wdm.docker,DockerContainer,setContainerUrl,3,1,1,131,0,,
wdm,io.github.bonigarcia.wdm.docker,DockerContainer,isPrivileged,3,1,0,135,0,,
wdm,io.github.bonigarcia.wdm.docker,DockerContainer,isSysadmin,3,1,0,139,0,,
wdm,io.github.bonigarcia.wdm.docker,DockerContainer,getShmSize,3,1,0,143,0,,
wdm,io.github.bonigarcia.wdm.docker,DockerContainer,getGateway,3,1,0,147,0,,
wdm,io.github.bonigarcia.wdm.docker,DockerContainer,setGateway,3,1,1,151,0,,
wdm,io.github.bonigarcia.wdm.docker,DockerContainer,getAddress,3,1,0,155,0,,
wdm,io.github.bonigarcia.wdm.docker,DockerContainer,setAddress,3,1,1,159,0,,
wdm,io.github.bonigarcia.wdm.docker,DockerContainer,getVncPort,3,1,0,163,0,,
wdm,io.github.bonigarcia.wdm.docker,DockerContainer,setVncPort,3,1,1,167,0,,
wdm,io.github.bonigarcia.wdm.docker,DockerContainer,getVncAddress,3,1,0,171,0,,
wdm,io.github.bonigarcia.wdm.docker,DockerContainer,setVncAddress,3,1,1,175,0,,
wdm,io.github.bonigarcia.wdm.docker,DockerContainer,getSessionId,3,1,0,179,0,,
wdm,io.github.bonigarcia.wdm.docker,DockerContainer,setSessionId,3,1,1,183,0,,
wdm,io.github.bonigarcia.wdm.docker,DockerContainer,getBrowserName,3,1,0,187,0,,
wdm,io.github.bonigarcia.wdm.docker,DockerContainer,setBrowserName,3,1,1,191,0,,
wdm,io.github.bonigarcia.wdm.docker,DockerContainer,getRecordingPath,3,1,0,195,0,,
wdm,io.github.bonigarcia.wdm.docker,DockerContainer,setRecordingPath,3,1,1,199,0,,
wdm,io.github.bonigarcia.wdm.docker,DockerHost,DockerHost,22,2,2,55,0,io.github.bonigarcia.wdm.docker.DockerHost,io.github.bonigarcia.wdm.docker.DockerHost
wdm,io.github.bonigarcia.wdm.docker,DockerHost,endpoint,3,1,0,82,0,,
wdm,io.github.bonigarcia.wdm.docker,DockerHost,host,3,1,0,86,0,,
wdm,io.github.bonigarcia.wdm.docker,DockerHost,uri,3,1,0,90,0,,
wdm,io.github.bonigarcia.wdm.docker,DockerHost,bindUri,3,1,0,94,0,,
wdm,io.github.bonigarcia.wdm.docker,DockerHost,port,3,1,0,98,0,,
wdm,io.github.bonigarcia.wdm.docker,DockerHost,address,3,1,0,102,0,,
wdm,io.github.bonigarcia.wdm.docker,DockerHost,dockerCertPath,3,1,0,106,0,,
wdm,io.github.bonigarcia.wdm.docker,DockerHost,fromEnv,5,1,0,110,0,io.github.bonigarcia.wdm.docker.DockerHost,io.github.bonigarcia.wdm.docker.DockerHost
wdm,io.github.bonigarcia.wdm.docker,DockerHost,from,3,1,2,116,0,,
wdm,io.github.bonigarcia.wdm.docker,DockerHost,defaultDockerEndpoint,13,3,0,120,0,io.github.bonigarcia.wdm.docker.DockerHost,io.github.bonigarcia.wdm.docker.DockerHost
wdm,io.github.bonigarcia.wdm.docker,DockerHost,endpointFromEnv,7,2,0,132,0,io.github.bonigarcia.wdm.docker.DockerHost,io.github.bonigarcia.wdm.docker.DockerHost
wdm,io.github.bonigarcia.wdm.docker,DockerHost,defaultUnixEndpoint,3,1,0,140,0,,
wdm,io.github.bonigarcia.wdm.docker,DockerHost,defaultWindowsEndpoint,3,1,0,144,0,,
wdm,io.github.bonigarcia.wdm.docker,DockerHost,defaultAddress,3,1,0,148,0,,
wdm,io.github.bonigarcia.wdm.docker,DockerHost,defaultPort,3,1,0,152,0,,
wdm,io.github.bonigarcia.wdm.docker,DockerHost,portFromEnv,12,2,0,156,0,io.github.bonigarcia.wdm.docker.DockerHost,io.github.bonigarcia.wdm.docker.DockerHost
wdm,io.github.bonigarcia.wdm.docker,DockerHost,defaultCertPath,4,1,0,168,0,,
wdm,io.github.bonigarcia.wdm.docker,DockerHost,certPathFromEnv,3,1,0,173,0,,
wdm,io.github.bonigarcia.wdm.docker,DockerHost,configPathFromEnv,3,1,0,177,0,,
wdm,io.github.bonigarcia.wdm.docker,DockerHubService,DockerHubService,4,1,2,54,0,,
wdm,io.github.bonigarcia.wdm.docker,DockerHubService,listTags,25,2,1,59,0,,
wdm,io.github.bonigarcia.wdm.docker,DockerHubTags,getResults,3,1,0,36,0,,
wdm,io.github.bonigarcia.wdm.docker,DockerService,DockerService,11,2,3,104,0,io.github.bonigarcia.wdm.docker.DockerService,io.github.bonigarcia.wdm.docker.DockerService
wdm,io.github.bonigarcia.wdm.docker,DockerService,createDockerClient,5,1,0,119,0,io.github.bonigarcia.wdm.docker.DockerService,io.github.bonigarcia.wdm.docker.DockerService
wdm,io.github.bonigarcia.wdm.docker,DockerService,getDockerClient,10,2,1,127,0,,
wdm,io.github.bonigarcia.wdm.docker,DockerService,getHost,8,2,2,143,0,io.github.bonigarcia.wdm.docker.DockerService,io.github.bonigarcia.wdm.docker.DockerService
wdm,io.github.bonigarcia.wdm.docker,DockerService,isCommandResultPresent,5,1,1,154,0,,
wdm,io.github.bonigarcia.wdm.docker,DockerService,isRunningInsideDocker,3,1,0,160,0,io.github.bonigarcia.wdm.docker.DockerService,io.github.bonigarcia.wdm.docker.DockerService
wdm,io.github.bonigarcia.wdm.docker,DockerService,getDefaultHost,3,1,0,165,0,,
wdm,io.github.bonigarcia.wdm.docker,DockerService,getGateway,7,2,2,170,0,,
wdm,io.github.bonigarcia.wdm.docker,DockerService,getAddress,3,1,2,179,0,,
wdm,io.github.bonigarcia.wdm.docker,DockerService,startContainer,63,11,1,184,0,,
wdm,io.github.bonigarcia.wdm.docker,DockerService,execCommandInContainer,21,1,2,266,0,,
wdm,io.github.bonigarcia.wdm.docker,DockerService,onNext,4,1,1,276,0,,
wdm,io.github.bonigarcia.wdm.docker,DockerService,getBindPort,31,4,2,292,0,,
wdm,io.github.bonigarcia.wdm.docker,DockerService,pullImageIfNecessary,17,3,3,335,0,,
wdm,io.github.bonigarcia.wdm.docker,DockerService,stopAndRemoveContainer,12,1,1,359,0,io.github.bonigarcia.wdm.docker.DockerService,io.github.bonigarcia.wdm.docker.DockerService
wdm,io.github.bonigarcia.wdm.docker,DockerService,stopContainer,11,2,1,373,0,,
wdm,io.github.bonigarcia.wdm.docker,DockerService,removeContainer,10,2,1,387,0,,
wdm,io.github.bonigarcia.wdm.docker,DockerService,close,3,1,0,398,0,,
wdm,io.github.bonigarcia.wdm.docker,DockerService,updateDockerClient,4,1,1,402,0,io.github.bonigarcia.wdm.docker.DockerService,io.github.bonigarcia.wdm.docker.DockerService
wdm,io.github.bonigarcia.wdm.docker,DockerService,getImageVersionFromDockerHub,0,10,5,407,0,io.github.bonigarcia.wdm.docker.DockerService,io.github.bonigarcia.wdm.docker.DockerService
wdm,io.github.bonigarcia.wdm.docker,DockerService,getMinusIndex,7,2,1,497,0,io.github.bonigarcia.wdm.docker.DockerService,io.github.bonigarcia.wdm.docker.DockerService
wdm,io.github.bonigarcia.wdm.docker,DockerService,getDockerImage,0,3,3,507,0,io.github.bonigarcia.wdm.docker.DockerService,io.github.bonigarcia.wdm.docker.DockerService
wdm,io.github.bonigarcia.wdm.docker,DockerService,getDockerImageFormat,13,3,2,531,0,io.github.bonigarcia.wdm.docker.DockerService,io.github.bonigarcia.wdm.docker.DockerService
wdm,io.github.bonigarcia.wdm.docker,DockerService,isBrowserVersionWildCard,3,1,1,544,0,io.github.bonigarcia.wdm.docker.DockerService,io.github.bonigarcia.wdm.docker.DockerService
wdm,io.github.bonigarcia.wdm.docker,DockerService,isBrowserVersionBetaOrDev,3,1,1,549,0,,
wdm,io.github.bonigarcia.wdm.docker,DockerService,isBrowserVersionLatestMinus,3,1,1,554,0,,
wdm,io.github.bonigarcia.wdm.docker,DockerService,getPrefixedDockerImage,8,2,1,558,0,,
wdm,io.github.bonigarcia.wdm.docker,DockerService,startNoVncContainer,25,1,4,567,0,io.github.bonigarcia.wdm.docker.DockerService,io.github.bonigarcia.wdm.docker.DockerService
wdm,io.github.bonigarcia.wdm.docker,DockerService,startBrowserContainer,64,8,4,613,0,io.github.bonigarcia.wdm.docker.DockerService,io.github.bonigarcia.wdm.docker.DockerService
wdm,io.github.bonigarcia.wdm.docker,DockerService,isHost,3,1,1,711,0,,
wdm,io.github.bonigarcia.wdm.docker,DockerService,isChromeAllowedOrigins,7,2,2,715,0,,
wdm,io.github.bonigarcia.wdm.docker,DockerService,startRecorderContainer,26,2,4,725,0,io.github.bonigarcia.wdm.docker.DockerService,io.github.bonigarcia.wdm.docker.DockerService
wdm,io.github.bonigarcia.wdm.docker,DockerService,getRecordingPath,19,3,1,771,0,,
wdm,io.github.bonigarcia.wdm.docker,DockerService,getVersionFromImage,3,1,1,796,0,,
wdm,io.github.bonigarcia.wdm.docker,DockerService,getDockerClient,3,1,0,800,0,,
wdm,io.github.bonigarcia.wdm.managers,ChromeDriverManager,getDriverManagerType,3,1,0,61,0,,
wdm,io.github.bonigarcia.wdm.managers,ChromeDriverManager,getDriverName,3,1,0,66,0,,
wdm,io.github.bonigarcia.wdm.managers,ChromeDriverManager,getDriverVersion,3,1,0,71,0,,
wdm,io.github.bonigarcia.wdm.managers,ChromeDriverManager,getBrowserVersion,3,1,0,76,0,,
wdm,io.github.bonigarcia.wdm.managers,ChromeDriverManager,setDriverVersion,3,1,1,81,0,,
wdm,io.github.bonigarcia.wdm.managers,ChromeDriverManager,setBrowserVersion,3,1,1,86,0,,
wdm,io.github.bonigarcia.wdm.managers,ChromeDriverManager,getDriverUrl,3,1,0,91,0,,
wdm,io.github.bonigarcia.wdm.managers,ChromeDriverManager,getMirrorUrl,3,1,0,96,0,,
wdm,io.github.bonigarcia.wdm.managers,ChromeDriverManager,getExportParameter,3,1,0,101,0,,
wdm,io.github.bonigarcia.wdm.managers,ChromeDriverManager,setDriverUrl,3,1,1,106,0,,
wdm,io.github.bonigarcia.wdm.managers,ChromeDriverManager,getDriverUrls,18,2,1,111,0,io.github.bonigarcia.wdm.managers.ChromeDriverManager,io.github.bonigarcia.wdm.managers.ChromeDriverManager
wdm,io.github.bonigarcia.wdm.managers,ChromeDriverManager,getLatestDriverVersionFromRepository,8,2,0,131,0,,
wdm,io.github.bonigarcia.wdm.managers,ChromeDriverManager,getVersionCharset,3,1,0,140,0,,
wdm,io.github.bonigarcia.wdm.managers,ChromeDriverManager,getNamespaceContext,3,1,0,145,0,,
wdm,io.github.bonigarcia.wdm.managers,ChromeDriverManager,buildUrl,3,1,1,150,0,io.github.bonigarcia.wdm.managers.ChromeDriverManager,io.github.bonigarcia.wdm.managers.ChromeDriverManager
wdm,io.github.bonigarcia.wdm.managers,ChromeDriverManager,buildUrl,30,5,2,155,0,,
wdm,io.github.bonigarcia.wdm.managers,ChromeDriverManager,getCapabilities,17,1,0,190,0,,
wdm,io.github.bonigarcia.wdm.managers,ChromeDriverManager,browserInDockerAndroid,5,1,0,208,0,,
wdm,io.github.bonigarcia.wdm.managers,ChromeDriverManager,exportParameter,4,1,1,215,0,,
wdm,io.github.bonigarcia.wdm.managers,ChromiumDriverManager,getDriverManagerType,3,1,0,37,0,,
wdm,io.github.bonigarcia.wdm.managers,ChromiumDriverManager,getDriverVersion,3,1,0,42,0,,
wdm,io.github.bonigarcia.wdm.managers,ChromiumDriverManager,getBrowserVersion,3,1,0,47,0,,
wdm,io.github.bonigarcia.wdm.managers,ChromiumDriverManager,setDriverVersion,3,1,1,52,0,,
wdm,io.github.bonigarcia.wdm.managers,ChromiumDriverManager,setBrowserVersion,3,1,1,57,0,,
wdm,io.github.bonigarcia.wdm.managers,ChromiumDriverManager,getCapabilities,8,2,0,62,0,,
wdm,io.github.bonigarcia.wdm.managers,EdgeDriverManager,getDriverManagerType,3,1,0,58,0,,
wdm,io.github.bonigarcia.wdm.managers,EdgeDriverManager,getDriverName,3,1,0,63,0,,
wdm,io.github.bonigarcia.wdm.managers,EdgeDriverManager,getShortDriverName,3,1,0,68,0,,
wdm,io.github.bonigarcia.wdm.managers,EdgeDriverManager,getDriverVersion,3,1,0,73,0,,
wdm,io.github.bonigarcia.wdm.managers,EdgeDriverManager,getBrowserVersion,3,1,0,78,0,,
wdm,io.github.bonigarcia.wdm.managers,EdgeDriverManager,setDriverVersion,3,1,1,83,0,,
wdm,io.github.bonigarcia.wdm.managers,EdgeDriverManager,setBrowserVersion,3,1,1,88,0,,
wdm,io.github.bonigarcia.wdm.managers,EdgeDriverManager,getDriverUrl,3,1,0,93,0,,
wdm,io.github.bonigarcia.wdm.managers,EdgeDriverManager,getMirrorUrl,3,1,0,98,0,,
wdm,io.github.bonigarcia.wdm.managers,EdgeDriverManager,getExportParameter,3,1,0,103,0,,
wdm,io.github.bonigarcia.wdm.managers,EdgeDriverManager,setDriverUrl,3,1,1,108,0,,
wdm,io.github.bonigarcia.wdm.managers,EdgeDriverManager,getDriverUrls,3,1,1,113,0,io.github.bonigarcia.wdm.managers.EdgeDriverManager,io.github.bonigarcia.wdm.managers.EdgeDriverManager
wdm,io.github.bonigarcia.wdm.managers,EdgeDriverManager,postDownload,19,4,1,120,0,io.github.bonigarcia.wdm.managers.EdgeDriverManager,io.github.bonigarcia.wdm.managers.EdgeDriverManager
wdm,io.github.bonigarcia.wdm.managers,EdgeDriverManager,getLatestDriverVersionFromRepository,8,2,0,145,0,,
wdm,io.github.bonigarcia.wdm.managers,EdgeDriverManager,getVersionCharset,3,1,0,154,0,,
wdm,io.github.bonigarcia.wdm.managers,EdgeDriverManager,getLatestVersionLabel,3,1,0,159,0,,
wdm,io.github.bonigarcia.wdm.managers,EdgeDriverManager,getOsLabel,0,3,0,164,0,,
wdm,io.github.bonigarcia.wdm.managers,EdgeDriverManager,buildUrl,3,1,1,181,0,io.github.bonigarcia.wdm.managers.EdgeDriverManager,io.github.bonigarcia.wdm.managers.EdgeDriverManager
wdm,io.github.bonigarcia.wdm.managers,EdgeDriverManager,buildUrl,22,3,2,186,0,,
wdm,io.github.bonigarcia.wdm.managers,EdgeDriverManager,getCapabilities,17,1,0,214,0,,
wdm,io.github.bonigarcia.wdm.managers,EdgeDriverManager,exportParameter,4,1,1,233,0,,
wdm,io.github.bonigarcia.wdm.managers,FirefoxDriverManager,getDriverManagerType,3,1,0,47,0,,
wdm,io.github.bonigarcia.wdm.managers,FirefoxDriverManager,getDriverName,3,1,0,52,0,,
wdm,io.github.bonigarcia.wdm.managers,FirefoxDriverManager,getDriverVersion,3,1,0,57,0,,
wdm,io.github.bonigarcia.wdm.managers,FirefoxDriverManager,getBrowserVersion,3,1,0,62,0,,
wdm,io.github.bonigarcia.wdm.managers,FirefoxDriverManager,setDriverVersion,3,1,1,67,0,,
wdm,io.github.bonigarcia.wdm.managers,FirefoxDriverManager,setBrowserVersion,3,1,1,72,0,,
wdm,io.github.bonigarcia.wdm.managers,FirefoxDriverManager,getDriverUrl,3,1,0,77,0,,
wdm,io.github.bonigarcia.wdm.managers,FirefoxDriverManager,getMirrorUrl,3,1,0,82,0,,
wdm,io.github.bonigarcia.wdm.managers,FirefoxDriverManager,getExportParameter,3,1,0,87,0,,
wdm,io.github.bonigarcia.wdm.managers,FirefoxDriverManager,setDriverUrl,3,1,1,92,0,,
wdm,io.github.bonigarcia.wdm.managers,FirefoxDriverManager,getDriverUrls,12,3,1,97,0,io.github.bonigarcia.wdm.managers.FirefoxDriverManager,io.github.bonigarcia.wdm.managers.FirefoxDriverManager
wdm,io.github.bonigarcia.wdm.managers,FirefoxDriverManager,getLatestDriverVersionFromRepository,8,2,0,110,0,io.github.bonigarcia.wdm.managers.FirefoxDriverManager,io.github.bonigarcia.wdm.managers.FirefoxDriverManager
wdm,io.github.bonigarcia.wdm.managers,FirefoxDriverManager,getCurrentVersion,9,2,1,119,0,,
wdm,io.github.bonigarcia.wdm.managers,FirefoxDriverManager,getDriverVersionFromRepository,18,3,1,131,0,,
wdm,io.github.bonigarcia.wdm.managers,FirefoxDriverManager,getCapabilities,3,1,0,162,0,,
wdm,io.github.bonigarcia.wdm.managers,FirefoxDriverManager,postDownload,8,2,1,167,0,,
wdm,io.github.bonigarcia.wdm.managers,FirefoxDriverManager,exportParameter,4,1,1,180,0,,
wdm,io.github.bonigarcia.wdm.managers,InternetExplorerDriverManager,getDriverManagerType,3,1,0,47,0,,
wdm,io.github.bonigarcia.wdm.managers,InternetExplorerDriverManager,getDriverName,3,1,0,52,0,,
wdm,io.github.bonigarcia.wdm.managers,InternetExplorerDriverManager,getDriverVersion,3,1,0,56,0,,
wdm,io.github.bonigarcia.wdm.managers,InternetExplorerDriverManager,getBrowserVersion,3,1,0,61,0,,
wdm,io.github.bonigarcia.wdm.managers,InternetExplorerDriverManager,setDriverVersion,3,1,1,66,0,,
wdm,io.github.bonigarcia.wdm.managers,InternetExplorerDriverManager,setBrowserVersion,2,1,1,71,0,,
wdm,io.github.bonigarcia.wdm.managers,InternetExplorerDriverManager,getDriverUrl,3,1,0,76,0,,
wdm,io.github.bonigarcia.wdm.managers,InternetExplorerDriverManager,getMirrorUrl,3,1,0,81,0,,
wdm,io.github.bonigarcia.wdm.managers,InternetExplorerDriverManager,getExportParameter,3,1,0,86,0,,
wdm,io.github.bonigarcia.wdm.managers,InternetExplorerDriverManager,setDriverUrl,3,1,1,91,0,,
wdm,io.github.bonigarcia.wdm.managers,InternetExplorerDriverManager,getDriverUrls,5,1,1,96,0,,
wdm,io.github.bonigarcia.wdm.managers,InternetExplorerDriverManager,getBrowserVersionFromTheShell,3,1,0,103,0,,
wdm,io.github.bonigarcia.wdm.managers,InternetExplorerDriverManager,getDriverVersionFromRepository,3,1,1,108,0,,
wdm,io.github.bonigarcia.wdm.managers,InternetExplorerDriverManager,getNamespaceContext,3,1,0,114,0,,
wdm,io.github.bonigarcia.wdm.managers,InternetExplorerDriverManager,getBrowserPath,3,1,0,119,0,io.github.bonigarcia.wdm.managers.InternetExplorerDriverManager,io.github.bonigarcia.wdm.managers.InternetExplorerDriverManager
wdm,io.github.bonigarcia.wdm.managers,InternetExplorerDriverManager,getCapabilities,3,1,0,126,0,,
wdm,io.github.bonigarcia.wdm.managers,InternetExplorerDriverManager,getCurrentVersion,5,1,1,131,0,,
wdm,io.github.bonigarcia.wdm.managers,InternetExplorerDriverManager,exportParameter,4,1,1,138,0,,
wdm,io.github.bonigarcia.wdm.managers,OperaDriverManager,getDriverManagerType,3,1,0,56,0,,
wdm,io.github.bonigarcia.wdm.managers,OperaDriverManager,getDriverName,3,1,0,61,0,,
wdm,io.github.bonigarcia.wdm.managers,OperaDriverManager,getDriverVersion,3,1,0,66,0,,
wdm,io.github.bonigarcia.wdm.managers,OperaDriverManager,getBrowserVersion,3,1,0,71,0,,
wdm,io.github.bonigarcia.wdm.managers,OperaDriverManager,setDriverVersion,3,1,1,76,0,,
wdm,io.github.bonigarcia.wdm.managers,OperaDriverManager,setBrowserVersion,3,1,1,81,0,,
wdm,io.github.bonigarcia.wdm.managers,OperaDriverManager,getDriverUrl,3,1,0,86,0,,
wdm,io.github.bonigarcia.wdm.managers,OperaDriverManager,getMirrorUrl,3,1,0,91,0,,
wdm,io.github.bonigarcia.wdm.managers,OperaDriverManager,getExportParameter,3,1,0,96,0,,
wdm,io.github.bonigarcia.wdm.managers,OperaDriverManager,setDriverUrl,3,1,1,101,0,,
wdm,io.github.bonigarcia.wdm.managers,OperaDriverManager,getLatestDriverVersionFromRepository,8,2,0,106,0,io.github.bonigarcia.wdm.managers.OperaDriverManager,io.github.bonigarcia.wdm.managers.OperaDriverManager
wdm,io.github.bonigarcia.wdm.managers,OperaDriverManager,getCurrentVersion,16,3,1,115,0,,
wdm,io.github.bonigarcia.wdm.managers,OperaDriverManager,getDriverUrls,12,3,1,134,0,io.github.bonigarcia.wdm.managers.OperaDriverManager,io.github.bonigarcia.wdm.managers.OperaDriverManager
wdm,io.github.bonigarcia.wdm.managers,OperaDriverManager,postDownload,35,4,1,148,0,io.github.bonigarcia.wdm.managers.OperaDriverManager,io.github.bonigarcia.wdm.managers.OperaDriverManager
wdm,io.github.bonigarcia.wdm.managers,OperaDriverManager,getDriverVersionFromRepository,17,2,1,191,0,,
wdm,io.github.bonigarcia.wdm.managers,OperaDriverManager,getCapabilities,10,3,0,220,0,,
wdm,io.github.bonigarcia.wdm.managers,OperaDriverManager,exportParameter,4,1,1,232,0,,
wdm,io.github.bonigarcia.wdm.managers,SafariDriverManager,getDriverManagerType,3,1,0,39,0,,
wdm,io.github.bonigarcia.wdm.managers,SafariDriverManager,getDriverName,3,1,0,44,0,,
wdm,io.github.bonigarcia.wdm.managers,SafariDriverManager,manage,3,1,1,49,0,,
wdm,io.github.bonigarcia.wdm.managers,SafariDriverManager,getCapabilities,3,1,0,55,0,,
wdm,io.github.bonigarcia.wdm.managers,SafariDriverManager,getBrowserVersion,3,1,0,60,0,,
wdm,io.github.bonigarcia.wdm.managers,SafariDriverManager,setBrowserVersion,3,1,1,65,0,,
wdm,io.github.bonigarcia.wdm.managers,VoidDriverManager,getDriverUrls,3,1,1,38,0,,
wdm,io.github.bonigarcia.wdm.managers,VoidDriverManager,getBrowserVersionFromTheShell,3,1,0,43,0,,
wdm,io.github.bonigarcia.wdm.managers,VoidDriverManager,getDriverVersion,3,1,0,48,0,,
wdm,io.github.bonigarcia.wdm.managers,VoidDriverManager,getDriverUrl,3,1,0,53,0,,
wdm,io.github.bonigarcia.wdm.managers,VoidDriverManager,getMirrorUrl,3,1,0,58,0,,
wdm,io.github.bonigarcia.wdm.managers,VoidDriverManager,getExportParameter,3,1,0,63,0,,
wdm,io.github.bonigarcia.wdm.managers,VoidDriverManager,getDriverManagerType,3,1,0,68,0,,
wdm,io.github.bonigarcia.wdm.managers,VoidDriverManager,getDriverName,3,1,0,73,0,,
wdm,io.github.bonigarcia.wdm.managers,VoidDriverManager,setDriverVersion,2,1,1,78,0,,
wdm,io.github.bonigarcia.wdm.managers,VoidDriverManager,setDriverUrl,2,1,1,83,0,,
wdm,io.github.bonigarcia.wdm.managers,VoidDriverManager,getDriverVersionFromRepository,3,1,1,88,0,,
wdm,io.github.bonigarcia.wdm.managers,VoidDriverManager,getBrowserVersion,3,1,0,94,0,,
wdm,io.github.bonigarcia.wdm.managers,VoidDriverManager,setBrowserVersion,2,1,1,99,0,,
wdm,io.github.bonigarcia.wdm.managers,VoidDriverManager,exportParameter,3,1,1,104,0,,
wdm,io.github.bonigarcia.wdm.online,Downloader,Downloader,5,1,3,76,0,,
wdm,io.github.bonigarcia.wdm.online,Downloader,download,8,2,4,84,0,io.github.bonigarcia.wdm.online.Downloader,io.github.bonigarcia.wdm.online.Downloader
wdm,io.github.bonigarcia.wdm.online,Downloader,getTarget,17,3,4,96,0,,
wdm,io.github.bonigarcia.wdm.online,Downloader,downloadAndExtract,28,6,2,126,0,io.github.bonigarcia.wdm.online.Downloader,io.github.bonigarcia.wdm.online.Downloader
wdm,io.github.bonigarcia.wdm.online,Downloader,checkDriver,14,4,2,165,0,,
wdm,io.github.bonigarcia.wdm.online,Downloader,extract,20,6,1,183,0,io.github.bonigarcia.wdm.online.Downloader,io.github.bonigarcia.wdm.online.Downloader
wdm,io.github.bonigarcia.wdm.online,Downloader,unZip,31,5,1,206,0,io.github.bonigarcia.wdm.online.Downloader,io.github.bonigarcia.wdm.online.Downloader
wdm,io.github.bonigarcia.wdm.online,Downloader,unGzip,23,5,1,244,0,io.github.bonigarcia.wdm.online.Downloader,io.github.bonigarcia.wdm.online.Downloader
wdm,io.github.bonigarcia.wdm.online,Downloader,unTarGz,33,6,1,272,0,io.github.bonigarcia.wdm.online.Downloader,io.github.bonigarcia.wdm.online.Downloader
wdm,io.github.bonigarcia.wdm.online,Downloader,setFileExecutable,5,2,1,310,0,,
wdm,io.github.bonigarcia.wdm.online,Downloader,renameFile,9,3,2,316,0,io.github.bonigarcia.wdm.online.Downloader,io.github.bonigarcia.wdm.online.Downloader
wdm,io.github.bonigarcia.wdm.online,Downloader,deleteFile,9,1,1,326,0,,
wdm,io.github.bonigarcia.wdm.online,Downloader,deleteFolder,14,2,1,335,0,,
wdm,io.github.bonigarcia.wdm.online,GitHubApi,getTagName,3,1,0,39,0,,
wdm,io.github.bonigarcia.wdm.online,GitHubApi,getAssets,3,1,0,43,0,,
wdm,io.github.bonigarcia.wdm.online,HttpClient,HttpClient,34,1,1,90,0,io.github.bonigarcia.wdm.online.HttpClient,io.github.bonigarcia.wdm.online.HttpClient
wdm,io.github.bonigarcia.wdm.online,HttpClient,isTrusted,3,1,2,102,0,,
wdm,io.github.bonigarcia.wdm.online,HttpClient,create,3,1,1,123,0,,
wdm,io.github.bonigarcia.wdm.online,HttpClient,createHttpGet,9,1,1,144,0,,
wdm,io.github.bonigarcia.wdm.online,HttpClient,execute,18,2,1,155,0,,
wdm,io.github.bonigarcia.wdm.online,HttpClient,setupProxyIfRequired,11,3,1,177,0,io.github.bonigarcia.wdm.online.HttpClient,io.github.bonigarcia.wdm.online.HttpClient
wdm,io.github.bonigarcia.wdm.online,HttpClient,createProxy,9,2,1,194,0,io.github.bonigarcia.wdm.online.HttpClient,io.github.bonigarcia.wdm.online.HttpClient
wdm,io.github.bonigarcia.wdm.online,HttpClient,determineProxyUrl,9,2,1,207,0,,
wdm,io.github.bonigarcia.wdm.online,HttpClient,createProxyHttpHost,13,3,1,222,0,io.github.bonigarcia.wdm.online.HttpClient,io.github.bonigarcia.wdm.online.HttpClient
wdm,io.github.bonigarcia.wdm.online,HttpClient,createBasicCredentialsProvider,32,4,4,241,0,io.github.bonigarcia.wdm.online.HttpClient,io.github.bonigarcia.wdm.online.HttpClient
wdm,io.github.bonigarcia.wdm.online,HttpClient,close,3,1,0,289,0,,
wdm,io.github.bonigarcia.wdm.online,NpmMirror,getId,3,1,0,43,0,,
wdm,io.github.bonigarcia.wdm.online,NpmMirror,getCategory,3,1,0,47,0,,
wdm,io.github.bonigarcia.wdm.online,NpmMirror,getName,3,1,0,51,0,,
wdm,io.github.bonigarcia.wdm.online,NpmMirror,getDate,3,1,0,55,0,,
wdm,io.github.bonigarcia.wdm.online,NpmMirror,getType,3,1,0,59,0,,
wdm,io.github.bonigarcia.wdm.online,NpmMirror,getUrl,3,1,0,63,0,,
wdm,io.github.bonigarcia.wdm.online,NpmMirror,getModified,3,1,0,67,0,,
wdm,io.github.bonigarcia.wdm.online,Parser,Parser,3,1,0,47,0,,
wdm,io.github.bonigarcia.wdm.online,Parser,parseJson,13,1,3,51,0,,
wdm,io.github.bonigarcia.wdm.online,S3NamespaceContext,getNamespaceURI,6,2,1,38,0,,
wdm,io.github.bonigarcia.wdm.online,S3NamespaceContext,getPrefix,6,2,1,46,0,,
wdm,io.github.bonigarcia.wdm.online,S3NamespaceContext,getPrefixes,8,2,1,54,0,,
wdm,io.github.bonigarcia.wdm.online,UrlHandler,UrlHandler,7,1,5,67,0,,
wdm,io.github.bonigarcia.wdm.online,UrlHandler,filterByDriverName,3,1,1,77,0,,
wdm,io.github.bonigarcia.wdm.online,UrlHandler,filterByVersion,4,1,1,84,0,,
wdm,io.github.bonigarcia.wdm.online,UrlHandler,filterByLatestVersion,30,6,1,91,0,io.github.bonigarcia.wdm.online.UrlHandler,io.github.bonigarcia.wdm.online.UrlHandler
wdm,io.github.bonigarcia.wdm.online,UrlHandler,filterByBeta,11,2,1,125,0,,
wdm,io.github.bonigarcia.wdm.online,UrlHandler,filterByOs,7,2,2,139,0,,
wdm,io.github.bonigarcia.wdm.online,UrlHandler,filterByArch,12,3,1,150,0,,
wdm,io.github.bonigarcia.wdm.online,UrlHandler,filterByIgnoredVersions,7,2,1,172,0,,
wdm,io.github.bonigarcia.wdm.online,UrlHandler,getDistroName,29,7,0,186,0,,
wdm,io.github.bonigarcia.wdm.online,UrlHandler,resetList,3,1,1,218,0,,
wdm,io.github.bonigarcia.wdm.online,UrlHandler,isNotStable,4,1,1,224,0,,
wdm,io.github.bonigarcia.wdm.online,UrlHandler,versionCompare,21,5,2,230,0,,
wdm,io.github.bonigarcia.wdm.online,UrlHandler,getCandidateUrls,3,1,0,255,0,,
wdm,io.github.bonigarcia.wdm.online,UrlHandler,getDriverVersion,3,1,0,259,0,,
wdm,io.github.bonigarcia.wdm.online,UrlHandler,hasNoCandidateUrl,3,1,0,263,0,,
wdm,io.github.bonigarcia.wdm.online,UrlHandler,getCandidateUrl,16,4,0,267,0,io.github.bonigarcia.wdm.online.UrlHandler,io.github.bonigarcia.wdm.online.UrlHandler
wdm,io.github.bonigarcia.wdm.online,UrlHandler,setCandidateUrls,3,1,1,293,0,,
wdm,io.github.bonigarcia.wdm.versions,Shell,Shell,3,1,0,40,0,,
wdm,io.github.bonigarcia.wdm.versions,Shell,runAndWait,3,1,1,44,0,,
wdm,io.github.bonigarcia.wdm.versions,Shell,runAndWait,3,1,2,48,0,io.github.bonigarcia.wdm.versions.Shell,io.github.bonigarcia.wdm.versions.Shell
wdm,io.github.bonigarcia.wdm.versions,Shell,runAndWait,3,1,2,52,0,io.github.bonigarcia.wdm.versions.Shell,io.github.bonigarcia.wdm.versions.Shell
wdm,io.github.bonigarcia.wdm.versions,Shell,runAndWait,3,1,3,56,0,io.github.bonigarcia.wdm.versions.Shell,io.github.bonigarcia.wdm.versions.Shell
wdm,io.github.bonigarcia.wdm.versions,Shell,runAndWaitArray,11,3,3,61,0,,
wdm,io.github.bonigarcia.wdm.versions,Shell,runAndWaitNoLog,14,2,2,74,0,,
wdm,io.github.bonigarcia.wdm.versions,UrlComparator,compare,3,1,2,30,0,,
wdm,io.github.bonigarcia.wdm.versions,VersionComparator,compare,21,4,2,38,0,,
wdm,io.github.bonigarcia.wdm.versions,VersionDetector,VersionDetector,5,1,2,85,0,,
wdm,io.github.bonigarcia.wdm.versions,VersionDetector,getValueFromProperties,4,1,2,91,0,,
wdm,io.github.bonigarcia.wdm.versions,VersionDetector,getDriverVersionFromRepository,43,6,7,97,0,io.github.bonigarcia.wdm.versions.VersionDetector,io.github.bonigarcia.wdm.versions.VersionDetector
wdm,io.github.bonigarcia.wdm.versions,VersionDetector,getBrowserPath,0,10,1,165,0,io.github.bonigarcia.wdm.versions.VersionDetector,io.github.bonigarcia.wdm.versions.VersionDetector
wdm,io.github.bonigarcia.wdm.versions,VersionDetector,getBrowserVersionFromTheShell,23,4,1,220,0,io.github.bonigarcia.wdm.versions.VersionDetector,io.github.bonigarcia.wdm.versions.VersionDetector
wdm,io.github.bonigarcia.wdm.versions,VersionDetector,getBrowserVersionUsingProperties,11,3,2,258,0,io.github.bonigarcia.wdm.versions.VersionDetector,io.github.bonigarcia.wdm.versions.VersionDetector
wdm,io.github.bonigarcia.wdm.versions,VersionDetector,getCommandsList,4,1,2,276,0,,
wdm,io.github.bonigarcia.wdm.versions,VersionDetector,getBrowserVersionUsingCommand,32,5,1,285,0,io.github.bonigarcia.wdm.versions.VersionDetector,io.github.bonigarcia.wdm.versions.VersionDetector
wdm,io.github.bonigarcia.wdm.versions,VersionDetector,getProperties,18,2,2,325,0,io.github.bonigarcia.wdm.versions.VersionDetector,io.github.bonigarcia.wdm.versions.VersionDetector
wdm,io.github.bonigarcia.wdm.versions,VersionDetector,getVersionsInputStream,24,3,2,345,0,io.github.bonigarcia.wdm.versions.VersionDetector,io.github.bonigarcia.wdm.versions.VersionDetector
wdm,io.github.bonigarcia.wdm.versions,VersionDetector,getLocalInputStream,5,1,1,370,0,,
wdm,io.github.bonigarcia.wdm.versions,VersionDetector,getOnlineInputStream,11,2,1,376,0,,
wdm,io.github.bonigarcia.wdm.versions,VersionDetector,getMajorVersion,9,2,1,393,0,,
wdm,io.github.bonigarcia.wdm.versions,VersionDetector,isCfT,3,1,1,402,0,io.github.bonigarcia.wdm.versions.VersionDetector,io.github.bonigarcia.wdm.versions.VersionDetector
wdm,io.github.bonigarcia.wdm.versions,VersionDetector,findFileLocation,13,3,1,407,0,io.github.bonigarcia.wdm.versions.VersionDetector,io.github.bonigarcia.wdm.versions.VersionDetector
wdm,io.github.bonigarcia.wdm.versions,VersionDetector,checkFileAndFolder,3,1,2,423,0,,
wdm,io.github.bonigarcia.wdm.versions,VersionDetector,isSnap,3,1,0,428,0,,
wdm,io.github.bonigarcia.wdm.versions,VersionDetector,getWdmVersion,51,9,1,432,0,,
wdm,io.github.bonigarcia.wdm,WdmAgent,WdmAgent,3,1,0,46,0,,
wdm,io.github.bonigarcia.wdm,WdmAgent,premain,3,1,2,51,0,,
wdm,io.github.bonigarcia.wdm,WdmServer,WdmServer,20,1,1,85,0,io.github.bonigarcia.wdm.WdmServer,io.github.bonigarcia.wdm.WdmServer
wdm,io.github.bonigarcia.wdm,WdmServer,getLocalHostAddress,10,1,0,116,0,,
wdm,io.github.bonigarcia.wdm,WdmServer,handleRequest,12,2,1,127,0,io.github.bonigarcia.wdm.WdmServer,io.github.bonigarcia.wdm.WdmServer
wdm,io.github.bonigarcia.wdm,WdmServer,seleniumServer,36,4,1,143,0,io.github.bonigarcia.wdm.WdmServer,io.github.bonigarcia.wdm.WdmServer
wdm,io.github.bonigarcia.wdm,WdmServer,getSessionIdFromResponse,5,1,1,197,0,,
wdm,io.github.bonigarcia.wdm,WdmServer,getSessionIdFromPath,9,2,1,204,0,,
wdm,io.github.bonigarcia.wdm,WdmServer,createDriverManager,0,6,1,214,0,,
wdm,io.github.bonigarcia.wdm,WdmServer,resolveDriver,25,4,2,238,0,,
wdm,io.github.bonigarcia.wdm,WdmServer,exchange,0,4,4,277,0,,
wdm,io.github.bonigarcia.wdm,WebDriverManager,getDriverUrls,0,1,1,175,0,,
wdm,io.github.bonigarcia.wdm,WebDriverManager,getDriverName,0,1,0,178,0,,
wdm,io.github.bonigarcia.wdm,WebDriverManager,getDriverVersion,0,1,0,180,0,,
wdm,io.github.bonigarcia.wdm,WebDriverManager,setDriverVersion,0,1,1,182,0,,
wdm,io.github.bonigarcia.wdm,WebDriverManager,getBrowserVersion,0,1,0,184,0,,
wdm,io.github.bonigarcia.wdm,WebDriverManager,setBrowserVersion,0,1,1,186,0,,
wdm,io.github.bonigarcia.wdm,WebDriverManager,setDriverUrl,0,1,1,188,0,,
wdm,io.github.bonigarcia.wdm,WebDriverManager,getDriverUrl,0,1,0,190,0,,
wdm,io.github.bonigarcia.wdm,WebDriverManager,getMirrorUrl,0,1,0,192,0,,
wdm,io.github.bonigarcia.wdm,WebDriverManager,getExportParameter,0,1,0,194,0,,
wdm,io.github.bonigarcia.wdm,WebDriverManager,getDriverManagerType,0,1,0,196,0,,
wdm,io.github.bonigarcia.wdm,WebDriverManager,exportParameter,0,1,1,198,0,,
wdm,io.github.bonigarcia.wdm,WebDriverManager,WebDriverManager,8,2,0,224,0,,
wdm,io.github.bonigarcia.wdm,WebDriverManager,config,3,1,0,233,0,,
wdm,io.github.bonigarcia.wdm,WebDriverManager,chromedriver,3,1,0,237,0,,
wdm,io.github.bonigarcia.wdm,WebDriverManager,chromiumdriver,3,1,0,241,0,,
wdm,io.github.bonigarcia.wdm,WebDriverManager,firefoxdriver,3,1,0,245,0,,
wdm,io.github.bonigarcia.wdm,WebDriverManager,operadriver,3,1,0,249,0,,
wdm,io.github.bonigarcia.wdm,WebDriverManager,edgedriver,3,1,0,253,0,,
wdm,io.github.bonigarcia.wdm,WebDriverManager,iedriver,3,1,0,257,0,,
wdm,io.github.bonigarcia.wdm,WebDriverManager,safaridriver,3,1,0,261,0,,
wdm,io.github.bonigarcia.wdm,WebDriverManager,voiddriver,3,1,0,265,0,,
wdm,io.github.bonigarcia.wdm,WebDriverManager,getInstance,6,2,1,269,0,io.github.bonigarcia.wdm.WebDriverManager,io.github.bonigarcia.wdm.WebDriverManager
wdm,io.github.bonigarcia.wdm,WebDriverManager,getInstance,0,5,1,280,0,io.github.bonigarcia.wdm.WebDriverManager,io.github.bonigarcia.wdm.WebDriverManager
wdm,io.github.bonigarcia.wdm,WebDriverManager,getInstance,3,1,1,309,0,io.github.bonigarcia.wdm.WebDriverManager,io.github.bonigarcia.wdm.WebDriverManager
wdm,io.github.bonigarcia.wdm,WebDriverManager,getDriver,0,8,1,314,0,io.github.bonigarcia.wdm.WebDriverManager,io.github.bonigarcia.wdm.WebDriverManager
wdm,io.github.bonigarcia.wdm,WebDriverManager,getInstance,19,2,0,336,0,io.github.bonigarcia.wdm.WebDriverManager,io.github.bonigarcia.wdm.WebDriverManager
wdm,io.github.bonigarcia.wdm,WebDriverManager,zipFolder,25,1,1,360,0,,
wdm,io.github.bonigarcia.wdm,WebDriverManager,isDockerAvailable,4,1,0,387,0,,
wdm,io.github.bonigarcia.wdm,WebDriverManager,isOnline,8,1,1,393,0,,
wdm,io.github.bonigarcia.wdm,WebDriverManager,isOnline,9,1,1,401,0,,
wdm,io.github.bonigarcia.wdm,WebDriverManager,setup,17,5,0,411,0,io.github.bonigarcia.wdm.WebDriverManager,io.github.bonigarcia.wdm.WebDriverManager
wdm,io.github.bonigarcia.wdm,WebDriverManager,create,4,1,0,431,0,io.github.bonigarcia.wdm.WebDriverManager,io.github.bonigarcia.wdm.WebDriverManager
wdm,io.github.bonigarcia.wdm,WebDriverManager,create,10,3,1,436,0,io.github.bonigarcia.wdm.WebDriverManager,io.github.bonigarcia.wdm.WebDriverManager
wdm,io.github.bonigarcia.wdm,WebDriverManager,getBrowserPath,3,1,0,447,0,io.github.bonigarcia.wdm.WebDriverManager,io.github.bonigarcia.wdm.WebDriverManager
wdm,io.github.bonigarcia.wdm,WebDriverManager,browserInDocker,4,1,0,452,0,,
wdm,io.github.bonigarcia.wdm,WebDriverManager,isUsingDocker,3,1,0,457,0,io.github.bonigarcia.wdm.WebDriverManager,io.github.bonigarcia.wdm.WebDriverManager
wdm,io.github.bonigarcia.wdm,WebDriverManager,browserInDockerAndroid,3,1,0,461,0,io.github.bonigarcia.wdm.WebDriverManager,io.github.bonigarcia.wdm.WebDriverManager
wdm,io.github.bonigarcia.wdm,WebDriverManager,dockerEnvVariables,4,1,1,467,0,io.github.bonigarcia.wdm.WebDriverManager,io.github.bonigarcia.wdm.WebDriverManager
wdm,io.github.bonigarcia.wdm,WebDriverManager,dockerDefaultArgs,4,1,1,472,0,io.github.bonigarcia.wdm.WebDriverManager,io.github.bonigarcia.wdm.WebDriverManager
wdm,io.github.bonigarcia.wdm,WebDriverManager,dockerDaemonUrl,4,1,1,477,0,io.github.bonigarcia.wdm.WebDriverManager,io.github.bonigarcia.wdm.WebDriverManager
wdm,io.github.bonigarcia.wdm,WebDriverManager,dockerNetwork,4,1,1,482,0,io.github.bonigarcia.wdm.WebDriverManager,io.github.bonigarcia.wdm.WebDriverManager
wdm,io.github.bonigarcia.wdm,WebDriverManager,dockerNetworkHost,4,1,0,487,0,io.github.bonigarcia.wdm.WebDriverManager,io.github.bonigarcia.wdm.WebDriverManager
wdm,io.github.bonigarcia.wdm,WebDriverManager,dockerTimezone,4,1,1,492,0,io.github.bonigarcia.wdm.WebDriverManager,io.github.bonigarcia.wdm.WebDriverManager
wdm,io.github.bonigarcia.wdm,WebDriverManager,dockerLang,4,1,1,497,0,io.github.bonigarcia.wdm.WebDriverManager,io.github.bonigarcia.wdm.WebDriverManager
wdm,io.github.bonigarcia.wdm,WebDriverManager,dockerShmSize,4,1,1,502,0,io.github.bonigarcia.wdm.WebDriverManager,io.github.bonigarcia.wdm.WebDriverManager
wdm,io.github.bonigarcia.wdm,WebDriverManager,dockerTmpfsSize,4,1,1,507,0,io.github.bonigarcia.wdm.WebDriverManager,io.github.bonigarcia.wdm.WebDriverManager
wdm,io.github.bonigarcia.wdm,WebDriverManager,dockerTmpfsMount,4,1,1,512,0,io.github.bonigarcia.wdm.WebDriverManager,io.github.bonigarcia.wdm.WebDriverManager
wdm,io.github.bonigarcia.wdm,WebDriverManager,dockerVolumes,4,1,1,517,0,io.github.bonigarcia.wdm.WebDriverManager,io.github.bonigarcia.wdm.WebDriverManager
wdm,io.github.bonigarcia.wdm,WebDriverManager,dockerExtraHosts,4,1,1,522,0,io.github.bonigarcia.wdm.WebDriverManager,io.github.bonigarcia.wdm.WebDriverManager
wdm,io.github.bonigarcia.wdm,WebDriverManager,dockerScreenResolution,4,1,1,527,0,io.github.bonigarcia.wdm.WebDriverManager,io.github.bonigarcia.wdm.WebDriverManager
wdm,io.github.bonigarcia.wdm,WebDriverManager,dockerRecordingFrameRate,4,1,1,532,0,io.github.bonigarcia.wdm.WebDriverManager,io.github.bonigarcia.wdm.WebDriverManager
wdm,io.github.bonigarcia.wdm,WebDriverManager,dockerAvoidPulling,4,1,0,537,0,io.github.bonigarcia.wdm.WebDriverManager,io.github.bonigarcia.wdm.WebDriverManager
wdm,io.github.bonigarcia.wdm,WebDriverManager,avoidDockerLocalFallback,4,1,0,542,0,io.github.bonigarcia.wdm.WebDriverManager,io.github.bonigarcia.wdm.WebDriverManager
wdm,io.github.bonigarcia.wdm,WebDriverManager,avoidShutdownHook,4,1,0,547,0,io.github.bonigarcia.wdm.WebDriverManager,io.github.bonigarcia.wdm.WebDriverManager
wdm,io.github.bonigarcia.wdm,WebDriverManager,avoidExternalConnections,4,1,0,552,0,io.github.bonigarcia.wdm.WebDriverManager,io.github.bonigarcia.wdm.WebDriverManager
wdm,io.github.bonigarcia.wdm,WebDriverManager,enableVnc,4,1,0,557,0,io.github.bonigarcia.wdm.WebDriverManager,io.github.bonigarcia.wdm.WebDriverManager
wdm,io.github.bonigarcia.wdm,WebDriverManager,viewOnly,4,1,0,562,0,io.github.bonigarcia.wdm.WebDriverManager,io.github.bonigarcia.wdm.WebDriverManager
wdm,io.github.bonigarcia.wdm,WebDriverManager,enableRecording,4,1,0,567,0,io.github.bonigarcia.wdm.WebDriverManager,io.github.bonigarcia.wdm.WebDriverManager
wdm,io.github.bonigarcia.wdm,WebDriverManager,disableTracing,4,1,0,572,0,io.github.bonigarcia.wdm.WebDriverManager,io.github.bonigarcia.wdm.WebDriverManager
wdm,io.github.bonigarcia.wdm,WebDriverManager,dockerRecordingPrefix,4,1,1,577,0,io.github.bonigarcia.wdm.WebDriverManager,io.github.bonigarcia.wdm.WebDriverManager
wdm,io.github.bonigarcia.wdm,WebDriverManager,dockerRecordingOutput,3,1,1,582,0,,
wdm,io.github.bonigarcia.wdm,WebDriverManager,dockerRecordingOutput,4,1,1,586,0,io.github.bonigarcia.wdm.WebDriverManager,io.github.bonigarcia.wdm.WebDriverManager
wdm,io.github.bonigarcia.wdm,WebDriverManager,dockerPrivateEndpoint,4,1,1,591,0,io.github.bonigarcia.wdm.WebDriverManager,io.github.bonigarcia.wdm.WebDriverManager
wdm,io.github.bonigarcia.wdm,WebDriverManager,dockerStopTimeoutSec,4,1,1,596,0,io.github.bonigarcia.wdm.WebDriverManager,io.github.bonigarcia.wdm.WebDriverManager
wdm,io.github.bonigarcia.wdm,WebDriverManager,watch,4,1,0,601,0,,
wdm,io.github.bonigarcia.wdm,WebDriverManager,watchAndDisplay,4,1,0,606,0,,
wdm,io.github.bonigarcia.wdm,WebDriverManager,disableCsp,4,1,0,611,0,,
wdm,io.github.bonigarcia.wdm,WebDriverManager,capabilities,4,1,1,616,0,,
wdm,io.github.bonigarcia.wdm,WebDriverManager,remoteAddress,4,1,1,621,0,io.github.bonigarcia.wdm.WebDriverManager,io.github.bonigarcia.wdm.WebDriverManager
wdm,io.github.bonigarcia.wdm,WebDriverManager,remoteAddress,4,1,1,626,0,io.github.bonigarcia.wdm.WebDriverManager,io.github.bonigarcia.wdm.WebDriverManager
wdm,io.github.bonigarcia.wdm,WebDriverManager,dockerCustomImage,4,1,1,631,0,io.github.bonigarcia.wdm.WebDriverManager,io.github.bonigarcia.wdm.WebDriverManager
wdm,io.github.bonigarcia.wdm,WebDriverManager,driverVersion,4,1,1,636,0,io.github.bonigarcia.wdm.WebDriverManager,io.github.bonigarcia.wdm.WebDriverManager
wdm,io.github.bonigarcia.wdm,WebDriverManager,browserVersion,4,1,1,641,0,io.github.bonigarcia.wdm.WebDriverManager,io.github.bonigarcia.wdm.WebDriverManager
wdm,io.github.bonigarcia.wdm,WebDriverManager,architecture,4,1,1,646,0,io.github.bonigarcia.wdm.WebDriverManager,io.github.bonigarcia.wdm.WebDriverManager
wdm,io.github.bonigarcia.wdm,WebDriverManager,arch32,4,1,0,651,0,io.github.bonigarcia.wdm.WebDriverManager,io.github.bonigarcia.wdm.WebDriverManager
wdm,io.github.bonigarcia.wdm,WebDriverManager,arch64,4,1,0,656,0,io.github.bonigarcia.wdm.WebDriverManager,io.github.bonigarcia.wdm.WebDriverManager
wdm,io.github.bonigarcia.wdm,WebDriverManager,arm64,4,1,0,661,0,io.github.bonigarcia.wdm.WebDriverManager,io.github.bonigarcia.wdm.WebDriverManager
wdm,io.github.bonigarcia.wdm,WebDriverManager,win,4,1,0,666,0,io.github.bonigarcia.wdm.WebDriverManager,io.github.bonigarcia.wdm.WebDriverManager
wdm,io.github.bonigarcia.wdm,WebDriverManager,linux,4,1,0,671,0,io.github.bonigarcia.wdm.WebDriverManager,io.github.bonigarcia.wdm.WebDriverManager
wdm,io.github.bonigarcia.wdm,WebDriverManager,mac,4,1,0,676,0,io.github.bonigarcia.wdm.WebDriverManager,io.github.bonigarcia.wdm.WebDriverManager
wdm,io.github.bonigarcia.wdm,WebDriverManager,operatingSystem,4,1,1,681,0,io.github.bonigarcia.wdm.WebDriverManager,io.github.bonigarcia.wdm.WebDriverManager
wdm,io.github.bonigarcia.wdm,WebDriverManager,forceDownload,4,1,0,686,0,io.github.bonigarcia.wdm.WebDriverManager,io.github.bonigarcia.wdm.WebDriverManager
wdm,io.github.bonigarcia.wdm,WebDriverManager,driverRepositoryUrl,4,1,1,691,0,io.github.bonigarcia.wdm.WebDriverManager,io.github.bonigarcia.wdm.WebDriverManager
wdm,io.github.bonigarcia.wdm,WebDriverManager,useMirror,8,2,0,696,0,io.github.bonigarcia.wdm.WebDriverManager,io.github.bonigarcia.wdm.WebDriverManager
wdm,io.github.bonigarcia.wdm,WebDriverManager,proxy,4,1,1,705,0,io.github.bonigarcia.wdm.WebDriverManager,io.github.bonigarcia.wdm.WebDriverManager
wdm,io.github.bonigarcia.wdm,WebDriverManager,proxyUser,4,1,1,710,0,io.github.bonigarcia.wdm.WebDriverManager,io.github.bonigarcia.wdm.WebDriverManager
wdm,io.github.bonigarcia.wdm,WebDriverManager,proxyPass,4,1,1,715,0,io.github.bonigarcia.wdm.WebDriverManager,io.github.bonigarcia.wdm.WebDriverManager
wdm,io.github.bonigarcia.wdm,WebDriverManager,useBetaVersions,4,1,0,720,0,io.github.bonigarcia.wdm.WebDriverManager,io.github.bonigarcia.wdm.WebDriverManager
wdm,io.github.bonigarcia.wdm,WebDriverManager,ignoreDriverVersions,4,1,1,725,0,io.github.bonigarcia.wdm.WebDriverManager,io.github.bonigarcia.wdm.WebDriverManager
wdm,io.github.bonigarcia.wdm,WebDriverManager,gitHubToken,4,1,1,730,0,io.github.bonigarcia.wdm.WebDriverManager,io.github.bonigarcia.wdm.WebDriverManager
wdm,io.github.bonigarcia.wdm,WebDriverManager,timeout,4,1,1,735,0,io.github.bonigarcia.wdm.WebDriverManager,io.github.bonigarcia.wdm.WebDriverManager
wdm,io.github.bonigarcia.wdm,WebDriverManager,properties,4,1,1,740,0,io.github.bonigarcia.wdm.WebDriverManager,io.github.bonigarcia.wdm.WebDriverManager
wdm,io.github.bonigarcia.wdm,WebDriverManager,cachePath,4,1,1,745,0,io.github.bonigarcia.wdm.WebDriverManager,io.github.bonigarcia.wdm.WebDriverManager
wdm,io.github.bonigarcia.wdm,WebDriverManager,resolutionCachePath,4,1,1,750,0,io.github.bonigarcia.wdm.WebDriverManager,io.github.bonigarcia.wdm.WebDriverManager
wdm,io.github.bonigarcia.wdm,WebDriverManager,avoidExport,4,1,0,755,0,io.github.bonigarcia.wdm.WebDriverManager,io.github.bonigarcia.wdm.WebDriverManager
wdm,io.github.bonigarcia.wdm,WebDriverManager,avoidOutputTree,4,1,0,760,0,io.github.bonigarcia.wdm.WebDriverManager,io.github.bonigarcia.wdm.WebDriverManager
wdm,io.github.bonigarcia.wdm,WebDriverManager,avoidBrowserDetection,4,1,0,765,0,io.github.bonigarcia.wdm.WebDriverManager,io.github.bonigarcia.wdm.WebDriverManager
wdm,io.github.bonigarcia.wdm,WebDriverManager,avoidResolutionCache,4,1,0,770,0,io.github.bonigarcia.wdm.WebDriverManager,io.github.bonigarcia.wdm.WebDriverManager
wdm,io.github.bonigarcia.wdm,WebDriverManager,avoidFallback,4,1,0,775,0,io.github.bonigarcia.wdm.WebDriverManager,io.github.bonigarcia.wdm.WebDriverManager
wdm,io.github.bonigarcia.wdm,WebDriverManager,avoidTmpFolder,4,1,0,780,0,io.github.bonigarcia.wdm.WebDriverManager,io.github.bonigarcia.wdm.WebDriverManager
wdm,io.github.bonigarcia.wdm,WebDriverManager,avoidUseChromiumDriverSnap,4,1,0,785,0,io.github.bonigarcia.wdm.WebDriverManager,io.github.bonigarcia.wdm.WebDriverManager
wdm,io.github.bonigarcia.wdm,WebDriverManager,ttl,4,1,1,790,0,io.github.bonigarcia.wdm.WebDriverManager,io.github.bonigarcia.wdm.WebDriverManager
wdm,io.github.bonigarcia.wdm,WebDriverManager,ttlBrowsers,4,1,1,795,0,io.github.bonigarcia.wdm.WebDriverManager,io.github.bonigarcia.wdm.WebDriverManager
wdm,io.github.bonigarcia.wdm,WebDriverManager,browserVersionDetectionCommand,4,1,1,800,0,io.github.bonigarcia.wdm.WebDriverManager,io.github.bonigarcia.wdm.WebDriverManager
wdm,io.github.bonigarcia.wdm,WebDriverManager,useLocalCommandsPropertiesFirst,4,1,0,806,0,io.github.bonigarcia.wdm.WebDriverManager,io.github.bonigarcia.wdm.WebDriverManager
wdm,io.github.bonigarcia.wdm,WebDriverManager,commandsPropertiesUrl,4,1,1,811,0,io.github.bonigarcia.wdm.WebDriverManager,io.github.bonigarcia.wdm.WebDriverManager
wdm,io.github.bonigarcia.wdm,WebDriverManager,clearResolutionCache,4,1,0,816,0,io.github.bonigarcia.wdm.WebDriverManager,io.github.bonigarcia.wdm.WebDriverManager
wdm,io.github.bonigarcia.wdm,WebDriverManager,clearDriverCache,11,1,0,821,0,io.github.bonigarcia.wdm.WebDriverManager,io.github.bonigarcia.wdm.WebDriverManager
wdm,io.github.bonigarcia.wdm,WebDriverManager,browserVersionDetectionRegex,4,1,1,832,0,io.github.bonigarcia.wdm.WebDriverManager,io.github.bonigarcia.wdm.WebDriverManager
wdm,io.github.bonigarcia.wdm,WebDriverManager,reset,11,1,0,837,0,io.github.bonigarcia.wdm.WebDriverManager,io.github.bonigarcia.wdm.WebDriverManager
wdm,io.github.bonigarcia.wdm,WebDriverManager,getDownloadedDriverPath,3,1,0,851,0,,
wdm,io.github.bonigarcia.wdm,WebDriverManager,getDownloadedDriverVersion,3,1,0,855,0,,
wdm,io.github.bonigarcia.wdm,WebDriverManager,getDriverVersions,21,4,0,859,0,io.github.bonigarcia.wdm.WebDriverManager,io.github.bonigarcia.wdm.WebDriverManager
wdm,io.github.bonigarcia.wdm,WebDriverManager,getWebDriver,4,1,0,887,0,io.github.bonigarcia.wdm.WebDriverManager,io.github.bonigarcia.wdm.WebDriverManager
wdm,io.github.bonigarcia.wdm,WebDriverManager,getWebDriverList,10,2,0,892,0,,
wdm,io.github.bonigarcia.wdm,WebDriverManager,quit,4,1,0,904,0,,
wdm,io.github.bonigarcia.wdm,WebDriverManager,quit,8,2,1,909,0,io.github.bonigarcia.wdm.WebDriverManager,io.github.bonigarcia.wdm.WebDriverManager
wdm,io.github.bonigarcia.wdm,WebDriverManager,stopDockerRecording,3,1,0,919,0,,
wdm,io.github.bonigarcia.wdm,WebDriverManager,stopDockerRecording,6,2,1,923,0,io.github.bonigarcia.wdm.WebDriverManager,io.github.bonigarcia.wdm.WebDriverManager
wdm,io.github.bonigarcia.wdm,WebDriverManager,stopDockerRecording,10,3,1,931,0,io.github.bonigarcia.wdm.WebDriverManager,io.github.bonigarcia.wdm.WebDriverManager
wdm,io.github.bonigarcia.wdm,WebDriverManager,quit,19,4,1,945,0,io.github.bonigarcia.wdm.WebDriverManager,io.github.bonigarcia.wdm.WebDriverManager
wdm,io.github.bonigarcia.wdm,WebDriverManager,getDockerBrowserContainerId,3,1,1,968,0,io.github.bonigarcia.wdm.WebDriverManager,io.github.bonigarcia.wdm.WebDriverManager
wdm,io.github.bonigarcia.wdm,WebDriverManager,getDockerBrowserContainerId,3,1,0,973,0,io.github.bonigarcia.wdm.WebDriverManager,io.github.bonigarcia.wdm.WebDriverManager
wdm,io.github.bonigarcia.wdm,WebDriverManager,getDockerSeleniumServerUrl,3,1,1,978,0,io.github.bonigarcia.wdm.WebDriverManager,io.github.bonigarcia.wdm.WebDriverManager
wdm,io.github.bonigarcia.wdm,WebDriverManager,getDockerSeleniumServerUrl,3,1,0,983,0,io.github.bonigarcia.wdm.WebDriverManager,io.github.bonigarcia.wdm.WebDriverManager
wdm,io.github.bonigarcia.wdm,WebDriverManager,getDockerNoVncUrl,3,1,1,988,0,io.github.bonigarcia.wdm.WebDriverManager,io.github.bonigarcia.wdm.WebDriverManager
wdm,io.github.bonigarcia.wdm,WebDriverManager,getDockerNoVncUrl,3,1,0,993,0,io.github.bonigarcia.wdm.WebDriverManager,io.github.bonigarcia.wdm.WebDriverManager
wdm,io.github.bonigarcia.wdm,WebDriverManager,getDockerVncUrl,3,1,1,998,0,io.github.bonigarcia.wdm.WebDriverManager,io.github.bonigarcia.wdm.WebDriverManager
wdm,io.github.bonigarcia.wdm,WebDriverManager,getDockerVncUrl,3,1,0,1003,0,io.github.bonigarcia.wdm.WebDriverManager,io.github.bonigarcia.wdm.WebDriverManager
wdm,io.github.bonigarcia.wdm,WebDriverManager,getDockerRecordingPath,3,1,1,1008,0,io.github.bonigarcia.wdm.WebDriverManager,io.github.bonigarcia.wdm.WebDriverManager
wdm,io.github.bonigarcia.wdm,WebDriverManager,getDockerRecordingPath,3,1,0,1013,0,io.github.bonigarcia.wdm.WebDriverManager,io.github.bonigarcia.wdm.WebDriverManager
wdm,io.github.bonigarcia.wdm,WebDriverManager,startRecording,6,2,1,1018,0,io.github.bonigarcia.wdm.WebDriverManager,io.github.bonigarcia.wdm.WebDriverManager
wdm,io.github.bonigarcia.wdm,WebDriverManager,startRecording,3,1,0,1026,0,,
wdm,io.github.bonigarcia.wdm,WebDriverManager,startRecording,6,2,2,1030,0,io.github.bonigarcia.wdm.WebDriverManager,io.github.bonigarcia.wdm.WebDriverManager
wdm,io.github.bonigarcia.wdm,WebDriverManager,startRecording,3,1,1,1038,0,,
wdm,io.github.bonigarcia.wdm,WebDriverManager,stopRecording,6,2,1,1042,0,io.github.bonigarcia.wdm.WebDriverManager,io.github.bonigarcia.wdm.WebDriverManager
wdm,io.github.bonigarcia.wdm,WebDriverManager,stopRecording,3,1,0,1050,0,,
wdm,io.github.bonigarcia.wdm,WebDriverManager,getLogs,19,3,1,1054,0,io.github.bonigarcia.wdm.WebDriverManager,io.github.bonigarcia.wdm.WebDriverManager
wdm,io.github.bonigarcia.wdm,WebDriverManager,getLogs,3,1,0,1078,0,io.github.bonigarcia.wdm.WebDriverManager,io.github.bonigarcia.wdm.WebDriverManager
wdm,io.github.bonigarcia.wdm,WebDriverManager,getDockerService,6,2,0,1082,0,io.github.bonigarcia.wdm.WebDriverManager,io.github.bonigarcia.wdm.WebDriverManager
wdm,io.github.bonigarcia.wdm,WebDriverManager,exportParameter,0,8,1,1090,0,io.github.bonigarcia.wdm.WebDriverManager,io.github.bonigarcia.wdm.WebDriverManager
wdm,io.github.bonigarcia.wdm,WebDriverManager,getPropertyFromWebDriverBrowser,8,2,2,1116,0,io.github.bonigarcia.wdm.WebDriverManager,io.github.bonigarcia.wdm.WebDriverManager
wdm,io.github.bonigarcia.wdm,WebDriverManager,findWebDriverBrowser,8,3,1,1127,0,,
wdm,io.github.bonigarcia.wdm,WebDriverManager,getPropertyFromFirstWebDriverBrowser,10,2,1,1138,0,,
wdm,io.github.bonigarcia.wdm,WebDriverManager,manage,34,6,1,1152,0,io.github.bonigarcia.wdm.WebDriverManager,io.github.bonigarcia.wdm.WebDriverManager
wdm,io.github.bonigarcia.wdm,WebDriverManager,resolveDriverVersion,38,9,1,1194,0,io.github.bonigarcia.wdm.WebDriverManager,io.github.bonigarcia.wdm.WebDriverManager
wdm,io.github.bonigarcia.wdm,WebDriverManager,download,17,3,1,1257,0,io.github.bonigarcia.wdm.WebDriverManager,io.github.bonigarcia.wdm.WebDriverManager
wdm,io.github.bonigarcia.wdm,WebDriverManager,exportDriver,12,2,1,1277,0,io.github.bonigarcia.wdm.WebDriverManager,io.github.bonigarcia.wdm.WebDriverManager
wdm,io.github.bonigarcia.wdm,WebDriverManager,storeInResolutionCache,9,3,3,1289,0,io.github.bonigarcia.wdm.WebDriverManager,io.github.bonigarcia.wdm.WebDriverManager
wdm,io.github.bonigarcia.wdm,WebDriverManager,getValueFromResolutionCache,7,2,1,1303,0,io.github.bonigarcia.wdm.WebDriverManager,io.github.bonigarcia.wdm.WebDriverManager
wdm,io.github.bonigarcia.wdm,WebDriverManager,postDownload,18,4,1,1313,0,io.github.bonigarcia.wdm.WebDriverManager,io.github.bonigarcia.wdm.WebDriverManager
wdm,io.github.bonigarcia.wdm,WebDriverManager,getBrowserVersionFromTheShell,3,1,0,1333,0,io.github.bonigarcia.wdm.WebDriverManager,io.github.bonigarcia.wdm.WebDriverManager
wdm,io.github.bonigarcia.wdm,WebDriverManager,detectBrowserVersion,15,3,0,1338,0,io.github.bonigarcia.wdm.WebDriverManager,io.github.bonigarcia.wdm.WebDriverManager
wdm,io.github.bonigarcia.wdm,WebDriverManager,useResolutionCacheWithKey,3,1,1,1359,0,io.github.bonigarcia.wdm.WebDriverManager,io.github.bonigarcia.wdm.WebDriverManager
wdm,io.github.bonigarcia.wdm,WebDriverManager,useResolutionCache,3,1,0,1364,0,io.github.bonigarcia.wdm.WebDriverManager,io.github.bonigarcia.wdm.WebDriverManager
wdm,io.github.bonigarcia.wdm,WebDriverManager,isUnknown,3,1,1,1368,0,,
wdm,io.github.bonigarcia.wdm,WebDriverManager,isUseMirror,3,1,0,1373,0,io.github.bonigarcia.wdm.WebDriverManager,io.github.bonigarcia.wdm.WebDriverManager
wdm,io.github.bonigarcia.wdm,WebDriverManager,isChrome,4,1,0,1377,0,io.github.bonigarcia.wdm.WebDriverManager,io.github.bonigarcia.wdm.WebDriverManager
wdm,io.github.bonigarcia.wdm,WebDriverManager,getCurrentVersion,26,4,1,1383,0,io.github.bonigarcia.wdm.WebDriverManager,io.github.bonigarcia.wdm.WebDriverManager
wdm,io.github.bonigarcia.wdm,WebDriverManager,handleException,15,3,2,1408,0,io.github.bonigarcia.wdm.WebDriverManager,io.github.bonigarcia.wdm.WebDriverManager
wdm,io.github.bonigarcia.wdm,WebDriverManager,fallback,12,2,2,1425,0,io.github.bonigarcia.wdm.WebDriverManager,io.github.bonigarcia.wdm.WebDriverManager
wdm,io.github.bonigarcia.wdm,WebDriverManager,createUrlHandler,51,9,1,1440,0,io.github.bonigarcia.wdm.WebDriverManager,io.github.bonigarcia.wdm.WebDriverManager
wdm,io.github.bonigarcia.wdm,WebDriverManager,getDriversFromMirror,20,5,2,1520,0,io.github.bonigarcia.wdm.WebDriverManager,io.github.bonigarcia.wdm.WebDriverManager
wdm,io.github.bonigarcia.wdm,WebDriverManager,getMirrorUrls,11,1,2,1541,0,io.github.bonigarcia.wdm.WebDriverManager,io.github.bonigarcia.wdm.WebDriverManager
wdm,io.github.bonigarcia.wdm,WebDriverManager,getNamespaceContext,3,1,0,1559,0,,
wdm,io.github.bonigarcia.wdm,WebDriverManager,getS3NamespaceContext,3,1,0,1563,0,,
wdm,io.github.bonigarcia.wdm,WebDriverManager,getDriversFromXml,22,3,3,1567,0,io.github.bonigarcia.wdm.WebDriverManager,io.github.bonigarcia.wdm.WebDriverManager
wdm,io.github.bonigarcia.wdm,WebDriverManager,logSeekRepo,3,1,1,1593,0,io.github.bonigarcia.wdm.WebDriverManager,io.github.bonigarcia.wdm.WebDriverManager
wdm,io.github.bonigarcia.wdm,WebDriverManager,loadXML,6,1,1,1597,0,,
wdm,io.github.bonigarcia.wdm,WebDriverManager,openGitHubConnection,11,3,1,1606,0,io.github.bonigarcia.wdm.WebDriverManager,io.github.bonigarcia.wdm.WebDriverManager
wdm,io.github.bonigarcia.wdm,WebDriverManager,getDriversFromGitHub,25,5,1,1621,0,io.github.bonigarcia.wdm.WebDriverManager,io.github.bonigarcia.wdm.WebDriverManager
wdm,io.github.bonigarcia.wdm,WebDriverManager,getHttpClient,3,1,0,1655,0,io.github.bonigarcia.wdm.WebDriverManager,io.github.bonigarcia.wdm.WebDriverManager
wdm,io.github.bonigarcia.wdm,WebDriverManager,getResolutionCache,7,1,0,1659,0,,
wdm,io.github.bonigarcia.wdm,WebDriverManager,getVersionDetector,7,1,0,1666,0,,
wdm,io.github.bonigarcia.wdm,WebDriverManager,getWebDriverCreator,7,1,0,1673,0,,
wdm,io.github.bonigarcia.wdm,WebDriverManager,getFolderFilter,3,1,0,1680,0,io.github.bonigarcia.wdm.WebDriverManager,io.github.bonigarcia.wdm.WebDriverManager
wdm,io.github.bonigarcia.wdm,WebDriverManager,getVersionCharset,3,1,0,1685,0,,
wdm,io.github.bonigarcia.wdm,WebDriverManager,getLatestVersionLabel,3,1,0,1689,0,,
wdm,io.github.bonigarcia.wdm,WebDriverManager,getOsLabel,3,1,0,1693,0,,
wdm,io.github.bonigarcia.wdm,WebDriverManager,getDriverVersionFromRepository,3,1,1,1697,0,io.github.bonigarcia.wdm.WebDriverManager,io.github.bonigarcia.wdm.WebDriverManager
wdm,io.github.bonigarcia.wdm,WebDriverManager,getDriverUrlCkeckingMirror,9,3,1,1705,0,io.github.bonigarcia.wdm.WebDriverManager,io.github.bonigarcia.wdm.WebDriverManager
wdm,io.github.bonigarcia.wdm,WebDriverManager,getLatestDriverVersionFromRepository,3,1,0,1715,0,,
wdm,io.github.bonigarcia.wdm,WebDriverManager,getShortDriverName,3,1,0,1719,0,io.github.bonigarcia.wdm.WebDriverManager,io.github.bonigarcia.wdm.WebDriverManager
wdm,io.github.bonigarcia.wdm,WebDriverManager,getKeyForResolutionCache,3,1,0,1723,0,io.github.bonigarcia.wdm.WebDriverManager,io.github.bonigarcia.wdm.WebDriverManager
wdm,io.github.bonigarcia.wdm,WebDriverManager,getDriverVersionLabel,3,1,1,1727,0,io.github.bonigarcia.wdm.WebDriverManager,io.github.bonigarcia.wdm.WebDriverManager
wdm,io.github.bonigarcia.wdm,WebDriverManager,buildUrl,3,1,1,1731,0,,
wdm,io.github.bonigarcia.wdm,WebDriverManager,instantiateDriver,0,10,0,1735,0,io.github.bonigarcia.wdm.WebDriverManager,io.github.bonigarcia.wdm.WebDriverManager
wdm,io.github.bonigarcia.wdm,WebDriverManager,initBrowserWatcherForChromium,16,2,2,1793,0,io.github.bonigarcia.wdm.WebDriverManager,io.github.bonigarcia.wdm.WebDriverManager
wdm,io.github.bonigarcia.wdm,WebDriverManager,getBrowserWatcherAsPath,19,4,0,1817,0,io.github.bonigarcia.wdm.WebDriverManager,io.github.bonigarcia.wdm.WebDriverManager
wdm,io.github.bonigarcia.wdm,WebDriverManager,getMergedCapabilities,7,2,0,1837,0,io.github.bonigarcia.wdm.WebDriverManager,io.github.bonigarcia.wdm.WebDriverManager
wdm,io.github.bonigarcia.wdm,WebDriverManager,addShutdownHookIfRequired,16,2,0,1845,0,io.github.bonigarcia.wdm.WebDriverManager,io.github.bonigarcia.wdm.WebDriverManager
wdm,io.github.bonigarcia.wdm,WebDriverManager,run,8,1,0,1849,0,io.github.bonigarcia.wdm.WebDriverManager,io.github.bonigarcia.wdm.WebDriverManager
wdm,io.github.bonigarcia.wdm,WebDriverManager,createDockerWebDriver,61,7,0,1863,0,io.github.bonigarcia.wdm.WebDriverManager,io.github.bonigarcia.wdm.WebDriverManager
wdm,io.github.bonigarcia.wdm,WebDriverManager,createLocalWebDriver,13,3,0,1951,0,io.github.bonigarcia.wdm.WebDriverManager,io.github.bonigarcia.wdm.WebDriverManager
wdm,io.github.bonigarcia.wdm,WebDriverManager,getCapabilities,3,1,0,1971,0,,
wdm,io.github.bonigarcia.wdm,WebDriverManager,addDefaultArgumentsForDocker,7,2,1,1975,0,io.github.bonigarcia.wdm.WebDriverManager,io.github.bonigarcia.wdm.WebDriverManager
wdm,io.github.bonigarcia.wdm,WebDriverManager,logCliError,14,1,3,1988,0,,
wdm,io.github.bonigarcia.wdm,WebDriverManager,resolveLocal,20,4,2,2005,0,io.github.bonigarcia.wdm.WebDriverManager,io.github.bonigarcia.wdm.WebDriverManager
wdm,io.github.bonigarcia.wdm,WebDriverManager,runInDocker,25,3,2,2028,0,io.github.bonigarcia.wdm.WebDriverManager,io.github.bonigarcia.wdm.WebDriverManager
wdm,io.github.bonigarcia.wdm,WebDriverManager,startServer,6,2,2,2057,0,,
wdm,io.github.bonigarcia.wdm,WebDriverManager,main,24,5,1,2064,0,io.github.bonigarcia.wdm.WebDriverManager,io.github.bonigarcia.wdm.WebDriverManager
wdm,io.github.bonigarcia.wdm.webdriver,OptionsWithArguments,OptionsWithArguments,4,1,2,44,0,,
wdm,io.github.bonigarcia.wdm.webdriver,OptionsWithArguments,addArguments,4,1,1,49,0,,
wdm,io.github.bonigarcia.wdm.webdriver,OptionsWithArguments,addArguments,4,1,1,54,0,,
wdm,io.github.bonigarcia.wdm.webdriver,OptionsWithArguments,asMap,7,1,0,59,0,,
wdm,io.github.bonigarcia.wdm.webdriver,WebDriverBrowser,WebDriverBrowser,3,1,0,54,0,,
wdm,io.github.bonigarcia.wdm.webdriver,WebDriverBrowser,WebDriverBrowser,4,1,1,58,0,io.github.bonigarcia.wdm.webdriver.WebDriverBrowser,io.github.bonigarcia.wdm.webdriver.WebDriverBrowser
wdm,io.github.bonigarcia.wdm.webdriver,WebDriverBrowser,getDriver,3,1,0,63,0,,
wdm,io.github.bonigarcia.wdm.webdriver,WebDriverBrowser,setDriver,4,1,1,67,0,io.github.bonigarcia.wdm.webdriver.WebDriverBrowser,io.github.bonigarcia.wdm.webdriver.WebDriverBrowser
wdm,io.github.bonigarcia.wdm.webdriver,WebDriverBrowser,getDockerContainerList,3,1,0,72,0,,
wdm,io.github.bonigarcia.wdm.webdriver,WebDriverBrowser,addDockerContainer,3,1,1,76,0,,
wdm,io.github.bonigarcia.wdm.webdriver,WebDriverBrowser,addDockerContainer,3,1,2,80,0,,
wdm,io.github.bonigarcia.wdm.webdriver,WebDriverBrowser,getBrowserContainerId,3,1,0,85,0,,
wdm,io.github.bonigarcia.wdm.webdriver,WebDriverBrowser,setBrowserContainerId,3,1,1,89,0,,
wdm,io.github.bonigarcia.wdm.webdriver,WebDriverBrowser,getNoVncUrl,3,1,0,93,0,io.github.bonigarcia.wdm.webdriver.WebDriverBrowser,io.github.bonigarcia.wdm.webdriver.WebDriverBrowser
wdm,io.github.bonigarcia.wdm.webdriver,WebDriverBrowser,setNoVncUrl,3,1,1,97,0,,
wdm,io.github.bonigarcia.wdm.webdriver,WebDriverBrowser,getVncUrl,3,1,0,101,0,,
wdm,io.github.bonigarcia.wdm.webdriver,WebDriverBrowser,setVncUrl,3,1,1,105,0,,
wdm,io.github.bonigarcia.wdm.webdriver,WebDriverBrowser,getSeleniumServerUrl,3,1,0,109,0,io.github.bonigarcia.wdm.webdriver.WebDriverBrowser,io.github.bonigarcia.wdm.webdriver.WebDriverBrowser
wdm,io.github.bonigarcia.wdm.webdriver,WebDriverBrowser,setSeleniumServerUrl,3,1,1,113,0,,
wdm,io.github.bonigarcia.wdm.webdriver,WebDriverBrowser,getUrl,10,1,1,117,0,,
wdm,io.github.bonigarcia.wdm.webdriver,WebDriverBrowser,getRecordingPath,3,1,0,127,0,,
wdm,io.github.bonigarcia.wdm.webdriver,WebDriverBrowser,setRecordingPath,3,1,1,131,0,,
wdm,io.github.bonigarcia.wdm.webdriver,WebDriverBrowser,getIdentityHash,3,1,0,135,0,,
wdm,io.github.bonigarcia.wdm.webdriver,WebDriverBrowser,calculateIdentityHash,3,1,1,139,0,,
wdm,io.github.bonigarcia.wdm.webdriver,WebDriverBrowser,readLogs,3,1,0,143,0,io.github.bonigarcia.wdm.webdriver.WebDriverBrowser,io.github.bonigarcia.wdm.webdriver.WebDriverBrowser
wdm,io.github.bonigarcia.wdm.webdriver,WebDriverBrowser,readJavaScriptVariable,3,1,1,149,0,io.github.bonigarcia.wdm.webdriver.WebDriverBrowser,io.github.bonigarcia.wdm.webdriver.WebDriverBrowser
wdm,io.github.bonigarcia.wdm.webdriver,WebDriverBrowser,executeJavaScript,3,1,1,153,0,,
wdm,io.github.bonigarcia.wdm.webdriver,WebDriverBrowser,startRecording,3,1,0,157,0,,
wdm,io.github.bonigarcia.wdm.webdriver,WebDriverBrowser,startRecording,3,1,1,162,0,,
wdm,io.github.bonigarcia.wdm.webdriver,WebDriverBrowser,stopRecording,3,1,0,168,0,,
wdm,io.github.bonigarcia.wdm.webdriver,WebDriverCreator,WebDriverCreator,3,1,1,49,0,,
wdm,io.github.bonigarcia.wdm.webdriver,WebDriverCreator,createLocalWebDriver,10,2,2,53,0,,
wdm,io.github.bonigarcia.wdm.webdriver,WebDriverCreator,createRemoteWebDriver,37,4,2,69,0,,
wdm,io.github.bonigarcia.wdm.webdriver,WebDriverCreator,getSessionId,5,1,1,117,0,,
